Workbook
Name Slicer_Diabetes_Status: #N/A
Name Slicer_Weight_Status: #N/A

Sheet Hospitalisation Details
A1: Customer ID | B1: year | C1: month | D1: date | E1: children | F1: charges | G1: Hospital tier | H1: City tier | I1: State ID | J1: Impute Missing year | K1: Missing Month | L1: Hospital tier2 | M1: City tier2 | N1: State ID2 | O1: Customer ID2
A2: ? | B2: 2004 | C2: Nov | D2: 6 | E2: 0 | F2: 1137.01 | G2: tier - 3 | H2: tier - 1 | I2: R1013 | J2: =IF(B2="?",ROUND(AVERAGEIF($B$2:$B$2344,"<>?"),0),B2) -> 2004 | K2: =IF(C2="?","Sep",C2) -> Nov | L2: =IF(Table1[[#This Row],[Hospital tier]]="?","tier - 2",Table1[[#This Row],[Hospital tier]]) -> tier - 3 | M2: =IF(Table1[[#This Row],[City tier]]="?","tier - 2",Table1[[#This Row],[City tier]]) -> tier - 1 | N2: =IF(Table1[[#This Row],[State ID]]="?","Unknown",Table1[[#This Row],[State ID]]) -> R1013 | O2: =IF(Table1[[#This Row],[Customer ID]]="?","Unknown",Table1[[#This Row],[Customer ID]]) -> Unknown
A3: ? | B3: 1999 | C3: Jun | D3: 9 | E3: 1 | F3: 2775.19 | G3: tier - 2 | H3: tier - 1 | I3: R1012 | J3: =IF(B3="?",ROUND(AVERAGEIF($B$2:$B$2344,"<>?"),0),B3) -> 1999 | K3: =IF(C3="?","Sep",C3) -> Jun | L3: =IF(Table1[[#This Row],[Hospital tier]]="?","tier - 2",Table1[[#This Row],[Hospital tier]]) -> tier - 2 | M3: =IF(Table1[[#This Row],[City tier]]="?","tier - 2",Table1[[#This Row],[City tier]]) -> tier - 1 | N3: =IF(Table1[[#This Row],[State ID]]="?","Unknown",Table1[[#This Row],[State ID]]) -> R1012 | O3: =IF(Table1[[#This Row],[Customer ID]]="?","Unknown",Table1[[#This Row],[Customer ID]]) -> Unknown
A4: ? | B4: 1985 | C4: Dec | D4: 20 | E4: 2 | F4: 6203.9 | G4: tier - 1 | H4: tier - 2 | I4: R1012 | J4: =IF(B4="?",ROUND(AVERAGEIF($B$2:$B$2344,"<>?"),0),B4) -> 1985 | K4: =IF(C4="?","Sep",C4) -> Dec | L4: =IF(Table1[[#This Row],[Hospital tier]]="?","tier - 2",Table1[[#This Row],[Hospital tier]]) -> tier - 1 | M4: =IF(Table1[[#This Row],[City tier]]="?","tier - 2",Table1[[#This Row],[City tier]]) -> tier - 2 | N4: =IF(Table1[[#This Row],[State ID]]="?","Unknown",Table1[[#This Row],[State ID]]) -> R1012 | O4: =IF(Table1[[#This Row],[Customer ID]]="?","Unknown",Table1[[#This Row],[Customer ID]]) -> Unknown
A5: ? | B5: 2000 | C5: Oct | D5: 13 | E5: 0 | F5: 35585.58 | G5: tier - 1 | H5: tier - 2 | I5: R1011 | J5: =IF(B5="?",ROUND(AVERAGEIF($B$2:$B$2344,"<>?"),0),B5) -> 2000 | K5: =IF(C5="?","Sep",C5) -> Oct | L5: =IF(Table1[[#This Row],[Hospital tier]]="?","tier - 2",Table1[[#This Row],[Hospital tier]]) -> tier - 1 | M5: =IF(Table1[[#This Row],[City tier]]="?","tier - 2",Table1[[#This Row],[City tier]]) -> tier - 2 | N5: =IF(Table1[[#This Row],[State ID]]="?","Unknown",Table1[[#This Row],[State ID]]) -> R1011 | O5: =IF(Table1[[#This Row],[Customer ID]]="?","Unknown",Table1[[#This Row],[Customer ID]]) -> Unknown
A6: ? | B6: 1992 | C6: Oct | D6: 6 | E6: 0 | F6: 36837.47 | G6: tier - 1 | H6: tier - 2 | I6: R1011 | J6: =IF(B6="?",ROUND(AVERAGEIF($B$2:$B$2344,"<>?"),0),B6) -> 1992 | K6: =IF(C6="?","Sep",C6) -> Oct | L6: =IF(Table1[[#This Row],[Hospital tier]]="?","tier - 2",Table1[[#This Row],[Hospital tier]]) -> tier - 1 | M6: =IF(Table1[[#This Row],[City tier]]="?","tier - 2",Table1[[#This Row],[City tier]]) -> tier - 2 | N6: =IF(Table1[[#This Row],[State ID]]="?","Unknown",Table1[[#This Row],[State ID]]) -> R1011 | O6: =IF(Table1[[#This Row],[Customer ID]]="?","Unknown",Table1[[#This Row],[Customer ID]]) -> Unknown
A7: ? | B7: 1991 | C7: Nov | D7: 22 | E7: 2 | F7: 38711 | G7: tier - 1 | H7: tier - 3 | I7: R1011 | J7: =IF(B7="?",ROUND(AVERAGEIF($B$2:$B$2344,"<>?"),0),B7) -> 1991 | K7: =IF(C7="?","Sep",C7) -> Nov | L7: =IF(Table1[[#This Row],[Hospital tier]]="?","tier - 2",Table1[[#This Row],[Hospital tier]]) -> tier - 1 | M7: =IF(Table1[[#This Row],[City tier]]="?","tier - 2",Table1[[#This Row],[City tier]]) -> tier - 3 | N7: =IF(Table1[[#This Row],[State ID]]="?","Unknown",Table1[[#This Row],[State ID]]) -> R1011 | O7: =IF(Table1[[#This Row],[Customer ID]]="?","Unknown",Table1[[#This Row],[Customer ID]]) -> Unknown
A8: Id1 | B8: 1968 | C8: Oct | D8: 12 | E8: 0 | F8: 63770.43 | G8: tier - 1 | H8: tier - 3 | I8: R1013 | J8: =IF(B8="?",ROUND(AVERAGEIF($B$2:$B$2344,"<>?"),0),B8) -> 1968 | K8: =IF(C8="?","Sep",C8) -> Oct | L8: =IF(Table1[[#This Row],[Hospital tier]]="?","tier - 2",Table1[[#This Row],[Hospital tier]]) -> tier - 1 | M8: =IF(Table1[[#This Row],[City tier]]="?","tier - 2",Table1[[#This Row],[City tier]]) -> tier - 3 | N8: =IF(Table1[[#This Row],[State ID]]="?","Unknown",Table1[[#This Row],[State ID]]) -> R1013 | O8: =IF(Table1[[#This Row],[Customer ID]]="?","Unknown",Table1[[#This Row],[Customer ID]]) -> Id1
A9: Id10 | B9: 1978 | C9: Dec | D9: 29 | E9: 0 | F9: 48885.14 | G9: tier - 1 | H9: tier - 2 | I9: R1013 | J9: =IF(B9="?",ROUND(AVERAGEIF($B$2:$B$2344,"<>?"),0),B9) -> 1978 | K9: =IF(C9="?","Sep",C9) -> Dec | L9: =IF(Table1[[#This Row],[Hospital tier]]="?","tier - 2",Table1[[#This Row],[Hospital tier]]) -> tier - 1 | M9: =IF(Table1[[#This Row],[City tier]]="?","tier - 2",Table1[[#This Row],[City tier]]) -> tier - 2 | N9: =IF(Table1[[#This Row],[State ID]]="?","Unknown",Table1[[#This Row],[State ID]]) -> R1013 | O9: =IF(Table1[[#This Row],[Customer ID]]="?","Unknown",Table1[[#This Row],[Customer ID]]) -> Id10
A10: Id100 | B10: 1977 | C10: Jun | D10: 27 | E10: 2 | F10: 40284.38 | G10: tier - 1 | H10: tier - 3 | I10: R1012 | J10: =IF(B10="?",ROUND(AVERAGEIF($B$2:$B$2344,"<>?"),0),B10) -> 1977 | K10: =IF(C10="?","Sep",C10) -> Jun | L10: =IF(Table1[[#This Row],[Hospital tier]]="?","tier - 2",Table1[[#This Row],[Hospital tier]]) -> tier - 1 | M10: =IF(Table1[[#This Row],[City tier]]="?","tier - 2",Table1[[#This Row],[City tier]]) -> tier - 3 | N10: =IF(Table1[[#This Row],[State ID]]="?","Unknown",Table1[[#This Row],[State ID]]) -> R1012 | O10: =IF(Table1[[#This Row],[Customer ID]]="?","Unknown",Table1[[#This Row],[Customer ID]]) -> Id100
A11: Id1000 | B11: 1989 | C11: Dec | D11: 17 | E11: 3 | F11: 11250.43 | G11: tier - 3 | H11: tier - 2 | I11: R1026 | J11: =IF(B11="?",ROUND(AVERAGEIF($B$2:$B$2344,"<>?"),0),B11) -> 1989 | K11: =IF(C11="?","Sep",C11) -> Dec | L11: =IF(Table1[[#This Row],[Hospital tier]]="?","tier - 2",Table1[[#This Row],[Hospital tier]]) -> tier - 3 | M11: =IF(Table1[[#This Row],[City tier]]="?","tier - 2",Table1[[#This Row],[City tier]]) -> tier - 2 | N11: =IF(Table1[[#This Row],[State ID]]="?","Unknown",Table1[[#This Row],[State ID]]) -> R1026 | O11: =IF(Table1[[#This Row],[Customer ID]]="?","Unknown",Table1[[#This Row],[Customer ID]]) -> Id1000
A12: Id1001 | B12: 1969 | C12: Dec | D12: 30 | E12: 2 | F12: 11244.38 | G12: tier - 3 | H12: tier - 1 | I12: R1016 | J12: =IF(B12="?",ROUND(AVERAGEIF($B$2:$B$2344,"<>?"),0),B12) -> 1969 | K12: =IF(C12="?","Sep",C12) -> Dec | L12: =IF(Table1[[#This Row],[Hospital tier]]="?","tier - 2",Table1[[#This Row],[Hospital tier]]) -> tier - 3 | M12: =IF(Table1[[#This Row],[City tier]]="?","tier - 2",Table1[[#This Row],[City tier]]) -> tier - 1 | N12: =IF(Table1[[#This Row],[State ID]]="?","Unknown",Table1[[#This Row],[State ID]]) -> R1016 | O12: =IF(Table1[[#This Row],[Customer ID]]="?","Unknown",Table1[[#This Row],[Customer ID]]) -> Id1001
A13: Id1002 | B13: 1976 | C13: Jun | D13: 28 | E13: 2 | F13: 11217.35 | G13: tier - 3 | H13: tier - 2 | I13: R1025 | J13: =IF(B13="?",ROUND(AVERAGEIF($B$2:$B$2344,"<>?"),0),B13) -> 1976 | K13: =IF(C13="?","Sep",C13) -> Jun | L13: =IF(Table1[[#This Row],[Hospital tier]]="?","tier - 2",Table1[[#This Row],[Hospital tier]]) -> tier - 3 | M13: =IF(Table1[[#This Row],[City tier]]="?","tier - 2",Table1[[#This Row],[City tier]]) -> tier - 2 | N13: =IF(Table1[[#This Row],[State ID]]="?","Unknown",Table1[[#This Row],[State ID]]) -> R1025 | O13: =IF(Table1[[#This Row],[Customer ID]]="?","Unknown",Table1[[#This Row],[Customer ID]]) -> Id1002
... A326: Id1285 | B326: 1975 | C326: Aug | D326: 6 | E326: 1 | F326: 8551.35 | G326: tier - 2 | H326: tier - 2 | I326: R1011 | J326: =IF(B326="?",ROUND(AVERAGEIF($B$2:$B$2344,"<>?"),0),B326) -> 1975 | K326: =IF(C326="?","Sep",C326) -> Aug | L326: =IF(Table1[[#This Row],[Hospital tier]]="?","tier - 2",Table1[[#This Row],[Hospital tier]]) -> tier - 2 | M326: =IF(Table1[[#This Row],[City tier]]="?","tier - 2",Table1[[#This Row],[City tier]]) -> tier - 2 | N326: =IF(Table1[[#This Row],[State ID]]="?","Unknown",Table1[[#This Row],[State ID]]) -> R1011 | O326: =IF(Table1[[#This Row],[Customer ID]]="?","Unknown",Table1[[#This Row],[Customer ID]]) -> Id1285
A327: Id1286 | B327: ? | C327: Dec | D327: 12 | E327: 1 | F327: 8547.69 | G327: tier - 2 | H327: tier - 1 | I327: R1013 | J327: =IF(B327="?",ROUND(AVERAGEIF($B$2:$B$2344,"<>?"),0),B327) -> 1983 | K327: =IF(C327="?","Sep",C327) -> Dec | L327: =IF(Table1[[#This Row],[Hospital tier]]="?","tier - 2",Table1[[#This Row],[Hospital tier]]) -> tier - 2 | M327: =IF(Table1[[#This Row],[City tier]]="?","tier - 2",Table1[[#This Row],[City tier]]) -> tier - 1 | N327: =IF(Table1[[#This Row],[State ID]]="?","Unknown",Table1[[#This Row],[State ID]]) -> R1013 | O327: =IF(Table1[[#This Row],[Customer ID]]="?","Unknown",Table1[[#This Row],[Customer ID]]) -> Id1286
A328: Id1287 | B328: 1975 | C328: Nov | D328: 6 | E328: 1 | F328: 8539.67 | G328: tier - 2 | H328: tier - 3 | I328: R1011 | J328: =IF(B328="?",ROUND(AVERAGEIF($B$2:$B$2344,"<>?"),0),B328) -> 1975 | K328: =IF(C328="?","Sep",C328) -> Nov | L328: =IF(Table1[[#This Row],[Hospital tier]]="?","tier - 2",Table1[[#This Row],[Hospital tier]]) -> tier - 2 | M328: =IF(Table1[[#This Row],[City tier]]="?","tier - 2",Table1[[#This Row],[City tier]]) -> tier - 3 | N328: =IF(Table1[[#This Row],[State ID]]="?","Unknown",Table1[[#This Row],[State ID]]) -> R1011 | O328: =IF(Table1[[#This Row],[Customer ID]]="?","Unknown",Table1[[#This Row],[Customer ID]]) -> Id1287
A329: Id1288 | B329: 1981 | C329: Dec | D329: 27 | E329: 3 | F329: 8538.29 | G329: tier - 2 | H329: tier - 3 | I329: R1024 | J329: =IF(B329="?",ROUND(AVERAGEIF($B$2:$B$2344,"<>?"),0),B329) -> 1981 | K329: =IF(C329="?","Sep",C329) -> Dec | L329: =IF(Table1[[#This Row],[Hospital tier]]="?","tier - 2",Table1[[#This Row],[Hospital tier]]) -> tier - 2 | M329: =IF(Table1[[#This Row],[City tier]]="?","tier - 2",Table1[[#This Row],[City tier]]) -> tier - 3 | N329: =IF(Table1[[#This Row],[State ID]]="?","Unknown",Table1[[#This Row],[State ID]]) -> R1024 | O329: =IF(Table1[[#This Row],[Customer ID]]="?","Unknown",Table1[[#This Row],[Customer ID]]) -> Id1288
A330: Id1289 | B330: ? | C330: Jul | D330: 24 | E330: 0 | F330: 8534.67 | G330: tier - 2 | H330: tier - 3 | I330: R1024 | J330: =IF(B330="?",ROUND(AVERAGEIF($B$2:$B$2344,"<>?"),0),B330) -> 1983 | K330: =IF(C330="?","Sep",C330) -> Jul | L330: =IF(Table1[[#This Row],[Hospital tier]]="?","tier - 2",Table1[[#This Row],[Hospital tier]]) -> tier - 2 | M330: =IF(Table1[[#This Row],[City tier]]="?","tier - 2",Table1[[#This Row],[City tier]]) -> tier - 3 | N330: =IF(Table1[[#This Row],[State ID]]="?","Unknown",Table1[[#This Row],[State ID]]) -> R1024 | O330: =IF(Table1[[#This Row],[Customer ID]]="?","Unknown",Table1[[#This Row],[Customer ID]]) -> Id1289
A331: Id129 | B331: 1985 | C331: Sep | D331: 20 | E331: 1 | F331: 39047.29 | G331: tier - 1 | H331: tier - 3 | I331: R1017 | J331: =IF(B331="?",ROUND(AVERAGEIF($B$2:$B$2344,"<>?"),0),B331) -> 1985 | K331: =IF(C331="?","Sep",C331) -> Sep | L331: =IF(Table1[[#This Row],[Hospital tier]]="?","tier - 2",Table1[[#This Row],[Hospital tier]]) -> tier - 1 | M331: =IF(Table1[[#This Row],[City tier]]="?","tier - 2",Table1[[#This Row],[City tier]]) -> tier - 3 | N331: =IF(Table1[[#This Row],[State ID]]="?","Unknown",Table1[[#This Row],[State ID]]) -> R1017 | O331: =IF(Table1[[#This Row],[Customer ID]]="?","Unknown",Table1[[#This Row],[Customer ID]]) -> Id129
A332: Id1290 | B332: 1977 | C332: Jul | D332: 26 | E332: 2 | F332: 8527.53 | G332: tier - 2 | H332: tier - 2 | I332: R1013 | J332: =IF(B332="?",ROUND(AVERAGEIF($B$2:$B$2344,"<>?"),0),B332) -> 1977 | K332: =IF(C332="?","Sep",C332) -> Jul | L332: =IF(Table1[[#This Row],[Hospital tier]]="?","tier - 2",Table1[[#This Row],[Hospital tier]]) -> tier - 2 | M332: =IF(Table1[[#This Row],[City tier]]="?","tier - 2",Table1[[#This Row],[City tier]]) -> tier - 2 | N332: =IF(Table1[[#This Row],[State ID]]="?","Unknown",Table1[[#This Row],[State ID]]) -> R1013 | O332: =IF(Table1[[#This Row],[Customer ID]]="?","Unknown",Table1[[#This Row],[Customer ID]]) -> Id1290
A333: Id1291 | B333: 1979 | C333: Aug | D333: 13 | E333: 3 | F333: 8522 | G333: tier - 2 | H333: tier - 2 | I333: R1011 | J333: =IF(B333="?",ROUND(AVERAGEIF($B$2:$B$2344,"<>?"),0),B333) -> 1979 | K333: =IF(C333="?","Sep",C333) -> Aug | L333: =IF(Table1[[#This Row],[Hospital tier]]="?","tier - 2",Table1[[#This Row],[Hospital tier]]) -> tier - 2 | M333: =IF(Table1[[#This Row],[City tier]]="?","tier - 2",Table1[[#This Row],[City tier]]) -> tier - 2 | N333: =IF(Table1[[#This Row],[State ID]]="?","Unknown",Table1[[#This Row],[State ID]]) -> R1011 | O333: =IF(Table1[[#This Row],[Customer ID]]="?","Unknown",Table1[[#This Row],[Customer ID]]) -> Id1291
A334: Id1292 | B334: 1977 | C334: Dec | D334: 29 | E334: 2 | F334: 8520.03 | G334: tier - 2 | H334: tier - 3 | I334: R1011 | J334: =IF(B334="?",ROUND(AVERAGEIF($B$2:$B$2344,"<>?"),0),B334) -> 1977 | K334: =IF(C334="?","Sep",C334) -> Dec | L334: =IF(Table1[[#This Row],[Hospital tier]]="?","tier - 2",Table1[[#This Row],[Hospital tier]]) -> tier - 2 | M334: =IF(Table1[[#This Row],[City tier]]="?","tier - 2",Table1[[#This Row],[City tier]]) -> tier - 3 | N334: =IF(Table1[[#This Row],[State ID]]="?","Unknown",Table1[[#This Row],[State ID]]) -> R1011 | O334: =IF(Table1[[#This Row],[Customer ID]]="?","Unknown",Table1[[#This Row],[Customer ID]]) -> Id1292
A335: Id1293 | B335: 1977 | C335: Jun | D335: 21 | E335: 2 | F335: 8516.83 | G335: tier - 2 | H335: tier - 1 | I335: R1013 | J335: =IF(B335="?",ROUND(AVERAGEIF($B$2:$B$2344,"<>?"),0),B335) -> 1977 | K335: =IF(C335="?","Sep",C335) -> Jun | L335: =IF(Table1[[#This Row],[Hospital tier]]="?","tier - 2",Table1[[#This Row],[Hospital tier]]) -> tier - 2 | M335: =IF(Table1[[#This Row],[City tier]]="?","tier - 2",Table1[[#This Row],[City tier]]) -> tier - 1 | N335: =IF(Table1[[#This Row],[State ID]]="?","Unknown",Table1[[#This Row],[State ID]]) -> R1013 | O335: =IF(Table1[[#This Row],[Customer ID]]="?","Unknown",Table1[[#This Row],[Customer ID]]) -> Id1293
A336: Id1294 | B336: 1977 | C336: Dec | D336: 26 | E336: 2 | F336: 8515.76 | G336: tier - 2 | H336: tier - 2 | I336: R1013 | J336: =IF(B336="?",ROUND(AVERAGEIF($B$2:$B$2344,"<>?"),0),B336) -> 1977 | K336: =IF(C336="?","Sep",C336) -> Dec | L336: =IF(Table1[[#This Row],[Hospital tier]]="?","tier - 2",Table1[[#This Row],[Hospital tier]]) -> tier - 2 | M336: =IF(Table1[[#This Row],[City tier]]="?","tier - 2",Table1[[#This Row],[City tier]]) -> tier - 2 | N336: =IF(Table1[[#This Row],[State ID]]="?","Unknown",Table1[[#This Row],[State ID]]) -> R1013 | O336: =IF(Table1[[#This Row],[Customer ID]]="?","Unknown",Table1[[#This Row],[Customer ID]]) -> Id1294
A337: Id1295 | B337: 1993 | C337: Nov | D337: 10 | E337: 0 | F337: 8471.65 | G337: tier - 2 | H337: tier - 1 | I337: R1012 | J337: =IF(B337="?",ROUND(AVERAGEIF($B$2:$B$2344,"<>?"),0),B337) -> 1993 | K337: =IF(C337="?","Sep",C337) -> Nov | L337: =IF(Table1[[#This Row],[Hospital tier]]="?","tier - 2",Table1[[#This Row],[Hospital tier]]) -> tier - 2 | M337: =IF(Table1[[#This Row],[City tier]]="?","tier - 2",Table1[[#This Row],[City tier]]) -> tier - 1 | N337: =IF(Table1[[#This Row],[State ID]]="?","Unknown",Table1[[#This Row],[State ID]]) -> R1012 | O337: =IF(Table1[[#This Row],[Customer ID]]="?","Unknown",Table1[[#This Row],[Customer ID]]) -> Id1295
A338: Id1296 | B338: 1992 | C338: Sep | D338: 9 | E338: 0 | F338: 8466.35 | G338: tier - 2 | H338: tier - 2 | I338: R1012 | J338: =IF(B338="?",ROUND(AVERAGEIF($B$2:$B$2344,"<>?"),0),B338) -> 1992 | K338: =IF(C338="?","Sep",C338) -> Sep | L338: =IF(Table1[[#This Row],[Hospital tier]]="?","tier - 2",Table1[[#This Row],[Hospital tier]]) -> tier - 2 | M338: =IF(Table1[[#This Row],[City tier]]="?","tier - 2",Table1[[#This Row],[City tier]]) -> tier - 2 | N338: =IF(Table1[[#This Row],[State ID]]="?","Unknown",Table1[[#This Row],[State ID]]) -> R1012 | O338: =IF(Table1[[#This Row],[Customer ID]]="?","Unknown",Table1[[#This Row],[Customer ID]]) -> Id1296
A339: Id1297 | B339: 1972 | C339: Dec | D339: 26 | E339: 0 | F339: 8457.82 | G339: tier - 2 | H339: tier - 3 | I339: R1011 | J339: =IF(B339="?",ROUND(AVERAGEIF($B$2:$B$2344,"<>?"),0),B339) -> 1972 | K339: =IF(C339="?","Sep",C339) -> Dec | L339: =IF(Table1[[#This Row],[Hospital tier]]="?","tier - 2",Table1[[#This Row],[Hospital tier]]) -> tier - 2 | M339: =IF(Table1[[#This Row],[City tier]]="?","tier - 2",Table1[[#This Row],[City tier]]) -> tier - 3 | N339: =IF(Table1[[#This Row],[State ID]]="?","Unknown",Table1[[#This Row],[State ID]]) -> R1011 | O339: =IF(Table1[[#This Row],[Customer ID]]="?","Unknown",Table1[[#This Row],[Customer ID]]) -> Id1297
A340: Id1298 | B340: 1984 | C340: Jun | D340: 19 | E340: 3 | F340: 8450.82 | G340: tier - 2 | H340: tier - 2 | I340: R1025 | J340: =IF(B340="?",ROUND(AVERAGEIF($B$2:$B$2344,"<>?"),0),B340) -> 1984 | K340: =IF(C340="?","Sep",C340) -> Jun | L340: =IF(Table1[[#This Row],[Hospital tier]]="?","tier - 2",Table1[[#This Row],[Hospital tier]]) -> tier - 2 | M340: =IF(Table1[[#This Row],[City tier]]="?","tier - 2",Table1[[#This Row],[City tier]]) -> tier - 2 | N340: =IF(Table1[[#This Row],[State ID]]="?","Unknown",Table1[[#This Row],[State ID]]) -> R1025 | O340: =IF(Table1[[#This Row],[Customer ID]]="?","Unknown",Table1[[#This Row],[Customer ID]]) -> Id1298
A341: Id1299 | B341: 1966 | C341: Jun | D341: 12 | E341: 0 | F341: 8448.66 | G341: tier - 3 | H341: tier - 1 | I341: R1013 | J341: =IF(B341="?",ROUND(AVERAGEIF($B$2:$B$2344,"<>?"),0),B341) -> 1966 | K341: =IF(C341="?","Sep",C341) -> Jun | L341: =IF(Table1[[#This Row],[Hospital tier]]="?","tier - 2",Table1[[#This Row],[Hospital tier]]) -> tier - 3 | M341: =IF(Table1[[#This Row],[City tier]]="?","tier - 2",Table1[[#This Row],[City tier]]) -> tier - 1 | N341: =IF(Table1[[#This Row],[State ID]]="?","Unknown",Table1[[#This Row],[State ID]]) -> R1013 | O341: =IF(Table1[[#This Row],[Customer ID]]="?","Unknown",Table1[[#This Row],[Customer ID]]) -> Id1299
A342: Id13 | B342: 1962 | C342: Oct | D342: 11 | E342: 0 | F342: 48673.56 | G342: tier - 1 | H342: tier - 2 | I342: R1013 | J342: =IF(B342="?",ROUND(AVERAGEIF($B$2:$B$2344,"<>?"),0),B342) -> 1962 | K342: =IF(C342="?","Sep",C342) -> Oct | L342: =IF(Table1[[#This Row],[Hospital tier]]="?","tier - 2",Table1[[#This Row],[Hospital tier]]) -> tier - 1 | M342: =IF(Table1[[#This Row],[City tier]]="?","tier - 2",Table1[[#This Row],[City tier]]) -> tier - 2 | N342: =IF(Table1[[#This Row],[State ID]]="?","Unknown",Table1[[#This Row],[State ID]]) -> R1013 | O342: =IF(Table1[[#This Row],[Customer ID]]="?","Unknown",Table1[[#This Row],[Customer ID]]) -> Id13
... A2344: Id999 | B2344: 1969 | C2344: Aug | D2344: 20 | E2344: 3 | F2344: 11253.42 | G2344: tier - 3 | H2344: tier - 1 | I2344: R1011 | J2344: =IF(B2344="?",ROUND(AVERAGEIF($B$2:$B$2344,"<>?"),0),B2344) -> 1969 | K2344: =IF(C2344="?","Sep",C2344) -> Aug | L2344: =IF(Table1[[#This Row],[Hospital tier]]="?","tier - 2",Table1[[#This Row],[Hospital tier]]) -> tier - 3 | M2344: =IF(Table1[[#This Row],[City tier]]="?","tier - 2",Table1[[#This Row],[City tier]]) -> tier - 1 | N2344: =IF(Table1[[#This Row],[State ID]]="?","Unknown",Table1[[#This Row],[State ID]]) -> R1011 | O2344: =IF(Table1[[#This Row],[Customer ID]]="?","Unknown",Table1[[#This Row],[Customer ID]]) -> Id999

Sheet Medical Examinations
A1: Customer ID | B1: BMI | C1: HBA1C | D1: Heart Issues | E1: Any Transplants | F1: Cancer history | G1: NumberOfMajorSurgeries | H1: smoker
A2: Id1 | B2: 47.41 | C2: 7.47 | D2: No | E2: No | F2: No | G2: No major surgery | H2: yes
A3: Id10 | B3: 38.06 | C3: 10.79 | D3: No | E3: No | F3: No | G3: No major surgery | H3: yes
A4: Id100 | B4: 48.2 | C4: 4.84 | D4: No | E4: No | F4: No | G4: No major surgery | H4: yes
A5: Id1000 | B5: 39.17 | C5: 4.15 | D5: No | E5: No | F5: No | G5: No major surgery | H5: No
A6: Id1001 | B6: 26.41 | C6: 5.99 | D6: yes | E6: No | F6: Yes | G6: 1 | H6: No
A7: Id1002 | B7: 30.63 | C7: 5.8 | D7: yes | E7: No | F7: No | G7: No major surgery | H7: No
A8: Id1003 | B8: 31.73 | C8: 7.32 | D8: yes | E8: No | F8: No | G8: 2 | H8: No
A9: Id1004 | B9: 30.7 | C9: 5.16 | D9: No | E9: No | F9: No | G9: 2 | H9: No
A10: Id1005 | B10: 25.935 | C10: 5.96 | D10: yes | E10: No | F10: No | G10: 2 | H10: No
A11: Id1006 | B11: 35.9 | C11: 4.85 | D11: yes | E11: No | F11: Yes | G11: 1 | H11: No
A12: Id1007 | B12: 26.7 | C12: 5.09 | D12: yes | E12: No | F12: Yes | G12: 1 | H12: No
A13: Id1008 | B13: 33.71 | C13: 4.94 | D13: No | E13: No | F13: No | G13: No major surgery | H13: No
A14: Id1009 | B14: 41.91 | C14: 4.92 | D14: yes | E14: No | F14: No | G14: 2 | H14: No
A15: Id101 | B15: 35.75 | C15: 8 | D15: yes | E15: No | F15: No | G15: No major surgery | H15: yes
A16: Id1010 | B16: 39.82 | C16: 6.05 | D16: yes | E16: No | F16: No | G16: 2 | H16: No
A17: Id1011 | B17: 28.12 | C17: 4.67 | D17: No | E17: No | F17: No | G17: 2 | H17: No
A18: Id1012 | B18: 26.98 | C18: 9.81 | D18: yes | E18: No | F18: No | G18: No major surgery | H18: No
A19: Id1013 | B19: 27.2 | C19: 6.06 | D19: yes | E19: No | F19: No | G19: 2 | H19: No
A20: Id1014 | B20: 25.3 | C20: 5.19 | D20: yes | E20: No | F20: No | G20: 2 | H20: No
A21: Id1015 | B21: 30.25 | C21: 10.16 | D21: No | E21: No | F21: No | G21: No major surgery | H21: No
A22: Id1016 | B22: 54 | C22: 4.68 | D22: yes | E22: yes | F22: No | G22: 2 | H22: No
A23: Id1017 | B23: 51.86 | C23: 5.32 | D23: yes | E23: No | F23: No | G23: No major surgery | H23: No
A24: Id1018 | B24: 31.39 | C24: 6.99 | D24: No | E24: No | F24: No | G24: No major surgery | H24: No
A25: Id1019 | B25: 39.97 | C25: 5.55 | D25: No | E25: No | F25: No | G25: No major surgery | H25: No
A26: Id102 | B26: 53.81 | C26: 8.77 | D26: yes | E26: No | F26: No | G26: No major surgery | H26: yes
A27: Id1020 | B27: 41.23 | C27: 6.94 | D27: No | E27: No | F27: No | G27: No major surgery | H27: No
A28: Id1021 | B28: 49.45 | C28: 4.2 | D28: yes | E28: No | F28: No | G28: No major surgery | H28: No
A29: Id1022 | B29: 41.04 | C29: 5.59 | D29: No | E29: No | F29: No | G29: No major surgery | H29: No
A30: Id1023 | B30: 27.93 | C30: 9.96 | D30: No | E30: No | F30: No | G30: No major surgery | H30: No
A31: Id1024 | B31: 21.01 | C31: 7.37 | D31: No | E31: No | F31: No | G31: No major surgery | H31: No
A32: Id1025 | B32: 52.37 | C32: 5.06 | D32: yes | E32: yes | F32: No | G32: 2 | H32: No
A33: Id1026 | B33: 40.37 | C33: 8.21 | D33: No | E33: No | F33: No | G33: No major surgery | H33: No
A34: Id1027 | B34: 41.47 | C34: 10.34 | D34: No | E34: No | F34: No | G34: 2 | H34: No
A35: Id1028 | B35: 33.725 | C35: 5.51 | D35: yes | E35: No | F35: No | G35: 2 | H35: No
A36: Id1029 | B36: 28.1 | C36: 11.2 | D36: No | E36: No | F36: No | G36: No major surgery | H36: No
A37: Id103 | B37: 49.48 | C37: 4.96 | D37: No | E37: No | F37: Yes | G37: 1 | H37: yes
A38: Id1030 | B38: 37.43 | C38: 4.35 | D38: yes | E38: No | F38: Yes | G38: 1 | H38: No
A39: Id1031 | B39: 23.7 | C39: 10.45 | D39: No | E39: No | F39: No | G39: No major surgery | H39: No
A40: Id1032 | B40: 24.795 | C40: 4.07 | D40: yes | E40: No | F40: Yes | G40: 1 | H40: No
A41: Id1033 | B41: 31.9 | C41: 8.34 | D41: No | E41: No | F41: No | G41: No major surgery | H41: No
A42: Id1034 | B42: 32.68 | C42: 7.41 | D42: No | E42: No | F42: No | G42: No major surgery | H42: No
A43: Id1035 | B43: 47.13 | C43: 4.31 | D43: No | E43: No | F43: No | G43: No major surgery | H43: No
A44: Id1036 | B44: 36.67 | C44: 10.83 | D44: No | E44: No | F44: No | G44: No major surgery | H44: No
A45: Id1037 | B45: 33.63 | C45: 11.31 | D45: No | E45: No | F45: No | G45: No major surgery | H45: No
A46: Id1038 | B46: 32.67 | C46: 11.81 | D46: yes | E46: No | F46: No | G46: No major surgery | H46: No
A47: Id1039 | B47: 33.3 | C47: 8.26 | D47: yes | E47: No | F47: No | G47: 2 | H47: No
A48: Id104 | B48: 34.1 | C48: 4.43 | D48: yes | E48: No | F48: No | G48: No major surgery | H48: yes
A49: Id1040 | B49: 30.78 | C49: 10.74 | D49: yes | E49: No | F49: No | G49: 2 | H49: No
A50: Id1041 | B50: 28.975 | C50: 7.69 | D50: yes | E50: No | F50: No | G50: No major surgery | H50: No
A51: Id1042 | B51: 33.4 | C51: 4.84 | D51: No | E51: No | F51: No | G51: No major surgery | H51: No
A52: Id1043 | B52: 21.5 | C52: 9.77 | D52: yes | E52: No | F52: No | G52: No major surgery | H52: No
A53: Id1044 | B53: 38.14 | C53: 5.84 | D53: No | E53: No | F53: No | G53: No major surgery | H53: No
A54: Id1045 | B54: 35.42 | C54: 8.7 | D54: yes | E54: No | F54: No | G54: 1 | H54: No
A55: Id1046 | B55: 35.625 | C55: 10.79 | D55: No | E55: No | F55: No | G55: No major surgery | H55: No
A56: Id1047 | B56: 45.51 | C56: 4.32 | D56: No | E56: No | F56: No | G56: 1 | H56: No
A57: Id1048 | B57: 37.1 | C57: 7.19 | D57: yes | E57: No | F57: No | G57: No major surgery | H57: No
A58: Id1049 | B58: 30.5 | C58: 11.94 | D58: yes | E58: No | F58: No | G58: No major surgery | H58: No
A59: Id105 | B59: 35.3 | C59: 5.82 | D59: yes | E59: No | F59: Yes | G59: 1 | H59: yes
A60: Id1050 | B60: 28.16 | C60: 5.56 | D60: No | E60: No | F60: No | G60: 2 | H60: No
A61: Id1051 | B61: 29.1 | C61: 5.64 | D61: yes | E61: No | F61: No | G61: No major surgery | H61: No
A62: Id1052 | B62: 30.22 | C62: 4.65 | D62: No | E62: No | F62: No | G62: No major surgery | H62: No
A63: Id1053 | B63: 24.29 | C63: 9.05 | D63: No | E63: No | F63: No | G63: No major surgery | H63: No
A64: Id1054 | B64: 29.39 | C64: 4.52 | D64: yes | E64: No | F64: No | G64: No major surgery | H64: No
A65: Id1055 | B65: 25.66 | C65: 4.62 | D65: yes | E65: No | F65: No | G65: 1 | H65: No
A66: Id1056 | B66: 39.11 | C66: 5.87 | D66: No | E66: No | F66: No | G66: No major surgery | H66: No
A67: Id1057 | B67: 43.78 | C67: 5.71 | D67: No | E67: No | F67: No | G67: 1 | H67: No
A68: Id1058 | B68: 24.35 | C68: 9.08 | D68: No | E68: No | F68: No | G68: No major surgery | H68: No
A69: Id1059 | B69: 40.3 | C69: 5.3 | D69: yes | E69: No | F69: No | G69: 2 | H69: No
A70: Id106 | B70: 43.83 | C70: 6.03 | D70: yes | E70: No | F70: No | G70: 2 | H70: yes
A71: Id1060 | B71: 32.775 | C71: 11.76 | D71: yes | E71: No | F71: No | G71: No major surgery | H71: No
A72: Id1061 | B72: 39.6 | C72: 5.11 | D72: yes | E72: No | F72: No | G72: 2 | H72: No
A73: Id1062 | B73: 30.97 | C73: 5.54 | D73: No | E73: No | F73: No | G73: 2 | H73: No
A74: Id1063 | B74: 27.645 | C74: 8.87 | D74: yes | E74: No | F74: No | G74: No major surgery | H74: No
A75: Id1064 | B75: 34.43 | C75: 5.96 | D75: yes | E75: No | F75: No | G75: 2 | H75: No
A76: Id1065 | B76: 39.6 | C76: 4.44 | D76: yes | E76: No | F76: Yes | G76: 1 | H76: No
A77: Id1066 | B77: 22.1 | C77: 4.65 | D77: yes | E77: No | F77: No | G77: 2 | H77: No
A78: Id1067 | B78: 33.25 | C78: 5.64 | D78: yes | E78: No | F78: Yes | G78: 1 | H78: No
A79: Id1068 | B79: 33.33 | C79: 10.19 | D79: No | E79: No | F79: No | G79: No major surgery | H79: No
A80: Id1069 | B80: 30.5 | C80: 10.79 | D80: No | E80: No | F80: No | G80: No major surgery | H80: No
A81: Id107 | B81: 50.07 | C81: 9.27 | D81: No | E81: No | F81: No | G81: No major surgery | H81: yes
A82: Id1070 | B82: 30.3 | C82: 4.24 | D82: No | E82: No | F82: No | G82: No major surgery | H82: No
A83: Id1071 | B83: 26.22 | C83: 5.83 | D83: No | E83: No | F83: No | G83: 2 | H83: No
A84: Id1072 | B84: 29.99 | C84: 11.85 | D84: No | E84: No | F84: No | G84: No major surgery | H84: No
A85: Id1073 | B85: 36.38 | C85: 5.98 | D85: No | E85: No | F85: No | G85: 1 | H85: No
A86: Id1074 | B86: 31.16 | C86: 4.26 | D86: yes | E86: No | F86: Yes | G86: 1 | H86: No
A87: Id1075 | B87: 25.55 | C87: 4.96 | D87: yes | E87: No | F87: No | G87: 1 | H87: No
A88: Id1076 | B88: 28.77 | C88: 4 | D88: yes | E88: No | F88: No | G88: No major surgery | H88: No
A89: Id1077 | B89: 23.14 | C89: 4.15 | D89: yes | E89: No | F89: No | G89: 1 | H89: No
A90: Id1078 | B90: 39.6 | C90: 11.36 | D90: No | E90: No | F90: No | G90: No major surgery | H90: No
A91: Id1079 | B91: 29.2 | C91: 7.53 | D91: No | E91: No | F91: No | G91: No major surgery | H91: No
A92: Id108 | B92: 32.775 | C92: 5.53 | D92: No | E92: No | F92: No | G92: No major surgery | H92: yes
A93: Id1080 | B93: 32.775 | C93: 7.95 | D93: No | E93: No | F93: No | G93: No major surgery | H93: No
A94: Id1081 | B94: 24.035 | C94: 8.5 | D94: No | E94: No | F94: No | G94: No major surgery | H94: No
A95: Id1082 | B95: 30.55 | C95: 5.89 | D95: No | E95: No | F95: Yes | G95: 1 | H95: No
A96: Id1083 | B96: 28.81 | C96: 8.76 | D96: No | E96: No | F96: No | G96: 2 | H96: No
A97: Id1084 | B97: 31.66 | C97: 4.11 | D97: No | E97: No | F97: No | G97: No major surgery | H97: No
A98: Id1085 | B98: 28.215 | C98: 7.56 | D98: yes | E98: No | F98: No | G98: 1 | H98: No
A99: Id1086 | B99: 26.12 | C99: 4.17 | D99: yes | E99: No | F99: Yes | G99: 1 | H99: No
A100: Id1087 | B100: 36.63 | C100: 11.42 | D100: No | E100: No | F100: No | G100: 2 | H100: No
...

Sheet Customer Names
A1: Customer ID | B1: name | C1: Title | D1: First Name | E1: Last Name
A2: Id1 | B2: Hawks, Ms. Kelly | C2: Ms | D2: Kelly | E2: Hawks | F2: =TRIM(D2) -> Kelly | G2: =TRIM(C2) -> Ms
A3: Id10 | B3: Benner, Ms. Brooke N. | C3: Ms | D3: Brooke N | E3: Benner | F3: =TRIM(D3) -> Brooke N | G3: =TRIM(C3) -> Ms
A4: Id100 | B4: Gollins, Mr. Daniel | C4: Mr | D4: Daniel | E4: Gollins | F4: =TRIM(D4) -> Daniel | G4: =TRIM(C4) -> Mr
A5: Id1000 | B5: Schaefer, Mrs. Stephanie A | C5: Mrs | D5: Stephanie A | E5: Schaefer | F5: =TRIM(D5) -> Stephanie A | G5: =TRIM(C5) -> Mrs
A6: Id1001 | B6: D'Alessandro, Mr. Patrick | C6: Mr | D6: Patrick | E6: D'Alessandro | F6: =TRIM(D6) -> Patrick | G6: =TRIM(C6) -> Mr
A7: Id1002 | B7: Wyss, Mrs. Krista | C7: Mrs | D7: Krista | E7: Wyss | F7: =TRIM(D7) -> Krista | G7: =TRIM(C7) -> Mrs
A8: Id1003 | B8: Rose, Ms. Jenessa | C8: Ms | D8: Jenessa | E8: Rose | F8: =TRIM(D8) -> Jenessa | G8: =TRIM(C8) -> Ms
A9: Id1004 | B9: Hopper, Mr. Ryan M. | C9: Mr | D9: Ryan M | E9: Hopper | F9: =TRIM(D9) -> Ryan M | G9: =TRIM(C9) -> Mr
A10: Id1005 | B10: Finneran, Mr. Thomas | C10: Mr | D10: Thomas | E10: Finneran | F10: =TRIM(D10) -> Thomas | G10: =TRIM(C10) -> Mr
A11: Id1006 | B11: Basham, Ms. Amanda N. | C11: Ms | D11: Amanda N | E11: Basham | F11: =TRIM(D11) -> Amanda N | G11: =TRIM(C11) -> Ms
A12: Id1007 | B12: Inman, Ms. Teresa P. | C12: Ms | D12: Teresa P | E12: Inman | F12: =TRIM(D12) -> Teresa P | G12: =TRIM(C12) -> Ms
A13: Id1008 | B13: Oscal, Mr. Dorian | C13: Mr | D13: Dorian | E13: Oscal | F13: =TRIM(D13) -> Dorian | G13: =TRIM(C13) -> Mr
... A2336: Id999 | B2336: Campbell, Mr. Jonathon M. | C2336: Mr | D2336: Jonathon M | E2336: Campbell | F2336: =TRIM(D2336) -> Jonathon M | G2336: =TRIM(C2336) -> Mr

Sheet Cleaned Medical Examiation data
A1: Customer ID | B1: BMI | C1: HBA1C | D1: Heart Issues | E1: Any Transplants | F1: Cancer history | G1: Number Of Major Surgeries | H1: Smoker | I1: Number Of Major Surgeries | J1: Weight Status | K1: Diabetes Status
A2: Id1 | B2: 47.41 | C2: 7.47 | D2: NO | E2: NO | F2: NO | G2: No major surgery | H2: YES | I2: =IF(G2="No major surgery",0,G2) -> 0 | J2: {=_xlfn.IFS(B2<18.5,"Under Weight",B2<=24.9,"Normal Weight",B2<=29.999,"Over Weight",B2>=30,"Obesity")} -> Obesity | K2: {=_xlfn.IFS(C2<5.7,"Normal",C2<=6.4,"Prediabetes",C2>6.4,"Diabetes")} -> Diabetes
A3: Id10 | B3: 38.06 | C3: 10.79 | D3: NO | E3: NO | F3: NO | G3: No major surgery | H3: YES | I3: =IF(G3="No major surgery",0,G3) -> 0 | J3: {=_xlfn.IFS(B3<18.5,"Under Weight",B3<=24.9,"Normal Weight",B3<=29.999,"Over Weight",B3>=30,"Obesity")} -> Obesity | K3: {=_xlfn.IFS(C3<5.7,"Normal",C3<=6.4,"Prediabetes",C3>6.4,"Diabetes")} -> Diabetes
A4: Id100 | B4: 48.2 | C4: 4.84 | D4: NO | E4: NO | F4: NO | G4: No major surgery | H4: YES | I4: =IF(G4="No major surgery",0,G4) -> 0 | J4: {=_xlfn.IFS(B4<18.5,"Under Weight",B4<=24.9,"Normal Weight",B4<=29.999,"Over Weight",B4>=30,"Obesity")} -> Obesity | K4: {=_xlfn.IFS(C4<5.7,"Normal",C4<=6.4,"Prediabetes",C4>6.4,"Diabetes")} -> Normal
A5: Id1000 | B5: 39.17 | C5: 4.15 | D5: NO | E5: NO | F5: NO | G5: No major surgery | H5: NO | I5: =IF(G5="No major surgery",0,G5) -> 0 | J5: {=_xlfn.IFS(B5<18.5,"Under Weight",B5<=24.9,"Normal Weight",B5<=29.999,"Over Weight",B5>=30,"Obesity")} -> Obesity | K5: {=_xlfn.IFS(C5<5.7,"Normal",C5<=6.4,"Prediabetes",C5>6.4,"Diabetes")} -> Normal
A6: Id1001 | B6: 26.41 | C6: 5.99 | D6: YES | E6: NO | F6: YES | G6: 1 | H6: NO | I6: =IF(G6="No major surgery",0,G6) -> 1 | J6: {=_xlfn.IFS(B6<18.5,"Under Weight",B6<=24.9,"Normal Weight",B6<=29.999,"Over Weight",B6>=30,"Obesity")} -> Over Weight | K6: {=_xlfn.IFS(C6<5.7,"Normal",C6<=6.4,"Prediabetes",C6>6.4,"Diabetes")} -> Prediabetes
A7: Id1002 | B7: 30.63 | C7: 5.8 | D7: YES | E7: NO | F7: NO | G7: No major surgery | H7: NO | I7: =IF(G7="No major surgery",0,G7) -> 0 | J7: {=_xlfn.IFS(B7<18.5,"Under Weight",B7<=24.9,"Normal Weight",B7<=29.999,"Over Weight",B7>=30,"Obesity")} -> Obesity | K7: {=_xlfn.IFS(C7<5.7,"Normal",C7<=6.4,"Prediabetes",C7>6.4,"Diabetes")} -> Prediabetes
A8: Id1003 | B8: 31.73 | C8: 7.32 | D8: YES | E8: NO | F8: NO | G8: 2 | H8: NO | I8: =IF(G8="No major surgery",0,G8) -> 2 | J8: {=_xlfn.IFS(B8<18.5,"Under Weight",B8<=24.9,"Normal Weight",B8<=29.999,"Over Weight",B8>=30,"Obesity")} -> Obesity | K8: {=_xlfn.IFS(C8<5.7,"Normal",C8<=6.4,"Prediabetes",C8>6.4,"Diabetes")} -> Diabetes
A9: Id1004 | B9: 30.7 | C9: 5.16 | D9: NO | E9: NO | F9: NO | G9: 2 | H9: NO | I9: =IF(G9="No major surgery",0,G9) -> 2 | J9: {=_xlfn.IFS(B9<18.5,"Under Weight",B9<=24.9,"Normal Weight",B9<=29.999,"Over Weight",B9>=30,"Obesity")} -> Obesity | K9: {=_xlfn.IFS(C9<5.7,"Normal",C9<=6.4,"Prediabetes",C9>6.4,"Diabetes")} -> Normal
A10: Id1005 | B10: 25.935 | C10: 5.96 | D10: YES | E10: NO | F10: NO | G10: 2 | H10: NO | I10: =IF(G10="No major surgery",0,G10) -> 2 | J10: {=_xlfn.IFS(B10<18.5,"Under Weight",B10<=24.9,"Normal Weight",B10<=29.999,"Over Weight",B10>=30,"Obesity")} -> Over Weight | K10: {=_xlfn.IFS(C10<5.7,"Normal",C10<=6.4,"Prediabetes",C10>6.4,"Diabetes")} -> Prediabetes
A11: Id1006 | B11: 35.9 | C11: 4.85 | D11: YES | E11: NO | F11: YES | G11: 1 | H11: NO | I11: =IF(G11="No major surgery",0,G11) -> 1 | J11: {=_xlfn.IFS(B11<18.5,"Under Weight",B11<=24.9,"Normal Weight",B11<=29.999,"Over Weight",B11>=30,"Obesity")} -> Obesity | K11: {=_xlfn.IFS(C11<5.7,"Normal",C11<=6.4,"Prediabetes",C11>6.4,"Diabetes")} -> Normal
A12: Id1007 | B12: 26.7 | C12: 5.09 | D12: YES | E12: NO | F12: YES | G12: 1 | H12: NO | I12: =IF(G12="No major surgery",0,G12) -> 1 | J12: {=_xlfn.IFS(B12<18.5,"Under Weight",B12<=24.9,"Normal Weight",B12<=29.999,"Over Weight",B12>=30,"Obesity")} -> Over Weight | K12: {=_xlfn.IFS(C12<5.7,"Normal",C12<=6.4,"Prediabetes",C12>6.4,"Diabetes")} -> Normal
A13: Id1008 | B13: 33.71 | C13: 4.94 | D13: NO | E13: NO | F13: NO | G13: No major surgery | H13: NO | I13: =IF(G13="No major surgery",0,G13) -> 0 | J13: {=_xlfn.IFS(B13<18.5,"Under Weight",B13<=24.9,"Normal Weight",B13<=29.999,"Over Weight",B13>=30,"Obesity")} -> Obesity | K13: {=_xlfn.IFS(C13<5.7,"Normal",C13<=6.4,"Prediabetes",C13>6.4,"Diabetes")} -> Normal
A14: Id1009 | B14: 41.91 | C14: 4.92 | D14: YES | E14: NO | F14: NO | G14: 2 | H14: NO | I14: =IF(G14="No major surgery",0,G14) -> 2 | J14: {=_xlfn.IFS(B14<18.5,"Under Weight",B14<=24.9,"Normal Weight",B14<=29.999,"Over Weight",B14>=30,"Obesity")} -> Obesity | K14: {=_xlfn.IFS(C14<5.7,"Normal",C14<=6.4,"Prediabetes",C14>6.4,"Diabetes")} -> Normal
A15: Id101 | B15: 35.75 | C15: 8 | D15: YES | E15: NO | F15: NO | G15: No major surgery | H15: YES | I15: =IF(G15="No major surgery",0,G15) -> 0 | J15: {=_xlfn.IFS(B15<18.5,"Under Weight",B15<=24.9,"Normal Weight",B15<=29.999,"Over Weight",B15>=30,"Obesity")} -> Obesity | K15: {=_xlfn.IFS(C15<5.7,"Normal",C15<=6.4,"Prediabetes",C15>6.4,"Diabetes")} -> Diabetes
A16: Id1010 | B16: 39.82 | C16: 6.05 | D16: YES | E16: NO | F16: NO | G16: 2 | H16: NO | I16: =IF(G16="No major surgery",0,G16) -> 2 | J16: {=_xlfn.IFS(B16<18.5,"Under Weight",B16<=24.9,"Normal Weight",B16<=29.999,"Over Weight",B16>=30,"Obesity")} -> Obesity | K16: {=_xlfn.IFS(C16<5.7,"Normal",C16<=6.4,"Prediabetes",C16>6.4,"Diabetes")} -> Prediabetes
A17: Id1011 | B17: 28.12 | C17: 4.67 | D17: NO | E17: NO | F17: NO | G17: 2 | H17: NO | I17: =IF(G17="No major surgery",0,G17) -> 2 | J17: {=_xlfn.IFS(B17<18.5,"Under Weight",B17<=24.9,"Normal Weight",B17<=29.999,"Over Weight",B17>=30,"Obesity")} -> Over Weight | K17: {=_xlfn.IFS(C17<5.7,"Normal",C17<=6.4,"Prediabetes",C17>6.4,"Diabetes")} -> Normal
A18: Id1012 | B18: 26.98 | C18: 9.81 | D18: YES | E18: NO | F18: NO | G18: No major surgery | H18: NO | I18: =IF(G18="No major surgery",0,G18) -> 0 | J18: {=_xlfn.IFS(B18<18.5,"Under Weight",B18<=24.9,"Normal Weight",B18<=29.999,"Over Weight",B18>=30,"Obesity")} -> Over Weight | K18: {=_xlfn.IFS(C18<5.7,"Normal",C18<=6.4,"Prediabetes",C18>6.4,"Diabetes")} -> Diabetes
A19: Id1013 | B19: 27.2 | C19: 6.06 | D19: YES | E19: NO | F19: NO | G19: 2 | H19: NO | I19: =IF(G19="No major surgery",0,G19) -> 2 | J19: {=_xlfn.IFS(B19<18.5,"Under Weight",B19<=24.9,"Normal Weight",B19<=29.999,"Over Weight",B19>=30,"Obesity")} -> Over Weight | K19: {=_xlfn.IFS(C19<5.7,"Normal",C19<=6.4,"Prediabetes",C19>6.4,"Diabetes")} -> Prediabetes
A20: Id1014 | B20: 25.3 | C20: 5.19 | D20: YES | E20: NO | F20: NO | G20: 2 | H20: NO | I20: =IF(G20="No major surgery",0,G20) -> 2 | J20: {=_xlfn.IFS(B20<18.5,"Under Weight",B20<=24.9,"Normal Weight",B20<=29.999,"Over Weight",B20>=30,"Obesity")} -> Over Weight | K20: {=_xlfn.IFS(C20<5.7,"Normal",C20<=6.4,"Prediabetes",C20>6.4,"Diabetes")} -> Normal
A21: Id1015 | B21: 30.25 | C21: 10.16 | D21: NO | E21: NO | F21: NO | G21: No major surgery | H21: NO | I21: =IF(G21="No major surgery",0,G21) -> 0 | J21: {=_xlfn.IFS(B21<18.5,"Under Weight",B21<=24.9,"Normal Weight",B21<=29.999,"Over Weight",B21>=30,"Obesity")} -> Obesity | K21: {=_xlfn.IFS(C21<5.7,"Normal",C21<=6.4,"Prediabetes",C21>6.4,"Diabetes")} -> Diabetes
A22: Id1016 | B22: 54 | C22: 4.68 | D22: YES | E22: YES | F22: NO | G22: 2 | H22: NO | I22: =IF(G22="No major surgery",0,G22) -> 2 | J22: {=_xlfn.IFS(B22<18.5,"Under Weight",B22<=24.9,"Normal Weight",B22<=29.999,"Over Weight",B22>=30,"Obesity")} -> Obesity | K22: {=_xlfn.IFS(C22<5.7,"Normal",C22<=6.4,"Prediabetes",C22>6.4,"Diabetes")} -> Normal
A23: Id1017 | B23: 51.86 | C23: 5.32 | D23: YES | E23: NO | F23: NO | G23: No major surgery | H23: NO | I23: =IF(G23="No major surgery",0,G23) -> 0 | J23: {=_xlfn.IFS(B23<18.5,"Under Weight",B23<=24.9,"Normal Weight",B23<=29.999,"Over Weight",B23>=30,"Obesity")} -> Obesity | K23: {=_xlfn.IFS(C23<5.7,"Normal",C23<=6.4,"Prediabetes",C23>6.4,"Diabetes")} -> Normal
A24: Id1018 | B24: 31.39 | C24: 6.99 | D24: NO | E24: NO | F24: NO | G24: No major surgery | H24: NO | I24: =IF(G24="No major surgery",0,G24) -> 0 | J24: {=_xlfn.IFS(B24<18.5,"Under Weight",B24<=24.9,"Normal Weight",B24<=29.999,"Over Weight",B24>=30,"Obesity")} -> Obesity | K24: {=_xlfn.IFS(C24<5.7,"Normal",C24<=6.4,"Prediabetes",C24>6.4,"Diabetes")} -> Diabetes
A25: Id1019 | B25: 39.97 | C25: 5.55 | D25: NO | E25: NO | F25: NO | G25: No major surgery | H25: NO | I25: =IF(G25="No major surgery",0,G25) -> 0 | J25: {=_xlfn.IFS(B25<18.5,"Under Weight",B25<=24.9,"Normal Weight",B25<=29.999,"Over Weight",B25>=30,"Obesity")} -> Obesity | K25: {=_xlfn.IFS(C25<5.7,"Normal",C25<=6.4,"Prediabetes",C25>6.4,"Diabetes")} -> Normal
A26: Id102 | B26: 53.81 | C26: 8.77 | D26: YES | E26: NO | F26: NO | G26: No major surgery | H26: YES | I26: =IF(G26="No major surgery",0,G26) -> 0 | J26: {=_xlfn.IFS(B26<18.5,"Under Weight",B26<=24.9,"Normal Weight",B26<=29.999,"Over Weight",B26>=30,"Obesity")} -> Obesity | K26: {=_xlfn.IFS(C26<5.7,"Normal",C26<=6.4,"Prediabetes",C26>6.4,"Diabetes")} -> Diabetes
A27: Id1020 | B27: 41.23 | C27: 6.94 | D27: NO | E27: NO | F27: NO | G27: No major surgery | H27: NO | I27: =IF(G27="No major surgery",0,G27) -> 0 | J27: {=_xlfn.IFS(B27<18.5,"Under Weight",B27<=24.9,"Normal Weight",B27<=29.999,"Over Weight",B27>=30,"Obesity")} -> Obesity | K27: {=_xlfn.IFS(C27<5.7,"Normal",C27<=6.4,"Prediabetes",C27>6.4,"Diabetes")} -> Diabetes
A28: Id1021 | B28: 49.45 | C28: 4.2 | D28: YES | E28: NO | F28: NO | G28: No major surgery | H28: NO | I28: =IF(G28="No major surgery",0,G28) -> 0 | J28: {=_xlfn.IFS(B28<18.5,"Under Weight",B28<=24.9,"Normal Weight",B28<=29.999,"Over Weight",B28>=30,"Obesity")} -> Obesity | K28: {=_xlfn.IFS(C28<5.7,"Normal",C28<=6.4,"Prediabetes",C28>6.4,"Diabetes")} -> Normal
A29: Id1022 | B29: 41.04 | C29: 5.59 | D29: NO | E29: NO | F29: NO | G29: No major surgery | H29: NO | I29: =IF(G29="No major surgery",0,G29) -> 0 | J29: {=_xlfn.IFS(B29<18.5,"Under Weight",B29<=24.9,"Normal Weight",B29<=29.999,"Over Weight",B29>=30,"Obesity")} -> Obesity | K29: {=_xlfn.IFS(C29<5.7,"Normal",C29<=6.4,"Prediabetes",C29>6.4,"Diabetes")} -> Normal
A30: Id1023 | B30: 27.93 | C30: 9.96 | D30: NO | E30: NO | F30: NO | G30: No major surgery | H30: NO | I30: =IF(G30="No major surgery",0,G30) -> 0 | J30: {=_xlfn.IFS(B30<18.5,"Under Weight",B30<=24.9,"Normal Weight",B30<=29.999,"Over Weight",B30>=30,"Obesity")} -> Over Weight | K30: {=_xlfn.IFS(C30<5.7,"Normal",C30<=6.4,"Prediabetes",C30>6.4,"Diabetes")} -> Diabetes
A31: Id1024 | B31: 21.01 | C31: 7.37 | D31: NO | E31: NO | F31: NO | G31: No major surgery | H31: NO | I31: =IF(G31="No major surgery",0,G31) -> 0 | J31: {=_xlfn.IFS(B31<18.5,"Under Weight",B31<=24.9,"Normal Weight",B31<=29.999,"Over Weight",B31>=30,"Obesity")} -> Normal Weight | K31: {=_xlfn.IFS(C31<5.7,"Normal",C31<=6.4,"Prediabetes",C31>6.4,"Diabetes")} -> Diabetes
A32: Id1025 | B32: 52.37 | C32: 5.06 | D32: YES | E32: YES | F32: NO | G32: 2 | H32: NO | I32: =IF(G32="No major surgery",0,G32) -> 2 | J32: {=_xlfn.IFS(B32<18.5,"Under Weight",B32<=24.9,"Normal Weight",B32<=29.999,"Over Weight",B32>=30,"Obesity")} -> Obesity | K32: {=_xlfn.IFS(C32<5.7,"Normal",C32<=6.4,"Prediabetes",C32>6.4,"Diabetes")} -> Normal
A33: Id1026 | B33: 40.37 | C33: 8.21 | D33: NO | E33: NO | F33: NO | G33: No major surgery | H33: NO | I33: =IF(G33="No major surgery",0,G33) -> 0 | J33: {=_xlfn.IFS(B33<18.5,"Under Weight",B33<=24.9,"Normal Weight",B33<=29.999,"Over Weight",B33>=30,"Obesity")} -> Obesity | K33: {=_xlfn.IFS(C33<5.7,"Normal",C33<=6.4,"Prediabetes",C33>6.4,"Diabetes")} -> Diabetes
A34: Id1027 | B34: 41.47 | C34: 10.34 | D34: NO | E34: NO | F34: NO | G34: 2 | H34: NO | I34: =IF(G34="No major surgery",0,G34) -> 2 | J34: {=_xlfn.IFS(B34<18.5,"Under Weight",B34<=24.9,"Normal Weight",B34<=29.999,"Over Weight",B34>=30,"Obesity")} -> Obesity | K34: {=_xlfn.IFS(C34<5.7,"Normal",C34<=6.4,"Prediabetes",C34>6.4,"Diabetes")} -> Diabetes
A35: Id1028 | B35: 33.725 | C35: 5.51 | D35: YES | E35: NO | F35: NO | G35: 2 | H35: NO | I35: =IF(G35="No major surgery",0,G35) -> 2 | J35: {=_xlfn.IFS(B35<18.5,"Under Weight",B35<=24.9,"Normal Weight",B35<=29.999,"Over Weight",B35>=30,"Obesity")} -> Obesity | K35: {=_xlfn.IFS(C35<5.7,"Normal",C35<=6.4,"Prediabetes",C35>6.4,"Diabetes")} -> Normal
A36: Id1029 | B36: 28.1 | C36: 11.2 | D36: NO | E36: NO | F36: NO | G36: No major surgery | H36: NO | I36: =IF(G36="No major surgery",0,G36) -> 0 | J36: {=_xlfn.IFS(B36<18.5,"Under Weight",B36<=24.9,"Normal Weight",B36<=29.999,"Over Weight",B36>=30,"Obesity")} -> Over Weight | K36: {=_xlfn.IFS(C36<5.7,"Normal",C36<=6.4,"Prediabetes",C36>6.4,"Diabetes")} -> Diabetes
A37: Id103 | B37: 49.48 | C37: 4.96 | D37: NO | E37: NO | F37: YES | G37: 1 | H37: YES | I37: =IF(G37="No major surgery",0,G37) -> 1 | J37: {=_xlfn.IFS(B37<18.5,"Under Weight",B37<=24.9,"Normal Weight",B37<=29.999,"Over Weight",B37>=30,"Obesity")} -> Obesity | K37: {=_xlfn.IFS(C37<5.7,"Normal",C37<=6.4,"Prediabetes",C37>6.4,"Diabetes")} -> Normal
A38: Id1030 | B38: 37.43 | C38: 4.35 | D38: YES | E38: NO | F38: YES | G38: 1 | H38: NO | I38: =IF(G38="No major surgery",0,G38) -> 1 | J38: {=_xlfn.IFS(B38<18.5,"Under Weight",B38<=24.9,"Normal Weight",B38<=29.999,"Over Weight",B38>=30,"Obesity")} -> Obesity | K38: {=_xlfn.IFS(C38<5.7,"Normal",C38<=6.4,"Prediabetes",C38>6.4,"Diabetes")} -> Normal
A39: Id1031 | B39: 23.7 | C39: 10.45 | D39: NO | E39: NO | F39: NO | G39: No major surgery | H39: NO | I39: =IF(G39="No major surgery",0,G39) -> 0 | J39: {=_xlfn.IFS(B39<18.5,"Under Weight",B39<=24.9,"Normal Weight",B39<=29.999,"Over Weight",B39>=30,"Obesity")} -> Normal Weight | K39: {=_xlfn.IFS(C39<5.7,"Normal",C39<=6.4,"Prediabetes",C39>6.4,"Diabetes")} -> Diabetes
A40: Id1032 | B40: 24.795 | C40: 4.07 | D40: YES | E40: NO | F40: YES | G40: 1 | H40: NO | I40: =IF(G40="No major surgery",0,G40) -> 1 | J40: {=_xlfn.IFS(B40<18.5,"Under Weight",B40<=24.9,"Normal Weight",B40<=29.999,"Over Weight",B40>=30,"Obesity")} -> Normal Weight | K40: {=_xlfn.IFS(C40<5.7,"Normal",C40<=6.4,"Prediabetes",C40>6.4,"Diabetes")} -> Normal
A41: Id1033 | B41: 31.9 | C41: 8.34 | D41: NO | E41: NO | F41: NO | G41: No major surgery | H41: NO | I41: =IF(G41="No major surgery",0,G41) -> 0 | J41: {=_xlfn.IFS(B41<18.5,"Under Weight",B41<=24.9,"Normal Weight",B41<=29.999,"Over Weight",B41>=30,"Obesity")} -> Obesity | K41: {=_xlfn.IFS(C41<5.7,"Normal",C41<=6.4,"Prediabetes",C41>6.4,"Diabetes")} -> Diabetes
A42: Id1034 | B42: 32.68 | C42: 7.41 | D42: NO | E42: NO | F42: NO | G42: No major surgery | H42: NO | I42: =IF(G42="No major surgery",0,G42) -> 0 | J42: {=_xlfn.IFS(B42<18.5,"Under Weight",B42<=24.9,"Normal Weight",B42<=29.999,"Over Weight",B42>=30,"Obesity")} -> Obesity | K42: {=_xlfn.IFS(C42<5.7,"Normal",C42<=6.4,"Prediabetes",C42>6.4,"Diabetes")} -> Diabetes
A43: Id1035 | B43: 47.13 | C43: 4.31 | D43: NO | E43: NO | F43: NO | G43: No major surgery | H43: NO | I43: =IF(G43="No major surgery",0,G43) -> 0 | J43: {=_xlfn.IFS(B43<18.5,"Under Weight",B43<=24.9,"Normal Weight",B43<=29.999,"Over Weight",B43>=30,"Obesity")} -> Obesity | K43: {=_xlfn.IFS(C43<5.7,"Normal",C43<=6.4,"Prediabetes",C43>6.4,"Diabetes")} -> Normal
A44: Id1036 | B44: 36.67 | C44: 10.83 | D44: NO | E44: NO | F44: NO | G44: No major surgery | H44: NO | I44: =IF(G44="No major surgery",0,G44) -> 0 | J44: {=_xlfn.IFS(B44<18.5,"Under Weight",B44<=24.9,"Normal Weight",B44<=29.999,"Over Weight",B44>=30,"Obesity")} -> Obesity | K44: {=_xlfn.IFS(C44<5.7,"Normal",C44<=6.4,"Prediabetes",C44>6.4,"Diabetes")} -> Diabetes
A45: Id1037 | B45: 33.63 | C45: 11.31 | D45: NO | E45: NO | F45: NO | G45: No major surgery | H45: NO | I45: =IF(G45="No major surgery",0,G45) -> 0 | J45: {=_xlfn.IFS(B45<18.5,"Under Weight",B45<=24.9,"Normal Weight",B45<=29.999,"Over Weight",B45>=30,"Obesity")} -> Obesity | K45: {=_xlfn.IFS(C45<5.7,"Normal",C45<=6.4,"Prediabetes",C45>6.4,"Diabetes")} -> Diabetes
A46: Id1038 | B46: 32.67 | C46: 11.81 | D46: YES | E46: NO | F46: NO | G46: No major surgery | H46: NO | I46: =IF(G46="No major surgery",0,G46) -> 0 | J46: {=_xlfn.IFS(B46<18.5,"Under Weight",B46<=24.9,"Normal Weight",B46<=29.999,"Over Weight",B46>=30,"Obesity")} -> Obesity | K46: {=_xlfn.IFS(C46<5.7,"Normal",C46<=6.4,"Prediabetes",C46>6.4,"Diabetes")} -> Diabetes
A47: Id1039 | B47: 33.3 | C47: 8.26 | D47: YES | E47: NO | F47: NO | G47: 2 | H47: NO | I47: =IF(G47="No major surgery",0,G47) -> 2 | J47: {=_xlfn.IFS(B47<18.5,"Under Weight",B47<=24.9,"Normal Weight",B47<=29.999,"Over Weight",B47>=30,"Obesity")} -> Obesity | K47: {=_xlfn.IFS(C47<5.7,"Normal",C47<=6.4,"Prediabetes",C47>6.4,"Diabetes")} -> Diabetes
A48: Id104 | B48: 34.1 | C48: 4.43 | D48: YES | E48: NO | F48: NO | G48: No major surgery | H48: YES | I48: =IF(G48="No major surgery",0,G48) -> 0 | J48: {=_xlfn.IFS(B48<18.5,"Under Weight",B48<=24.9,"Normal Weight",B48<=29.999,"Over Weight",B48>=30,"Obesity")} -> Obesity | K48: {=_xlfn.IFS(C48<5.7,"Normal",C48<=6.4,"Prediabetes",C48>6.4,"Diabetes")} -> Normal
A49: Id1040 | B49: 30.78 | C49: 10.74 | D49: YES | E49: NO | F49: NO | G49: 2 | H49: NO | I49: =IF(G49="No major surgery",0,G49) -> 2 | J49: {=_xlfn.IFS(B49<18.5,"Under Weight",B49<=24.9,"Normal Weight",B49<=29.999,"Over Weight",B49>=30,"Obesity")} -> Obesity | K49: {=_xlfn.IFS(C49<5.7,"Normal",C49<=6.4,"Prediabetes",C49>6.4,"Diabetes")} -> Diabetes
A50: Id1041 | B50: 28.975 | C50: 7.69 | D50: YES | E50: NO | F50: NO | G50: No major surgery | H50: NO | I50: =IF(G50="No major surgery",0,G50) -> 0 | J50: {=_xlfn.IFS(B50<18.5,"Under Weight",B50<=24.9,"Normal Weight",B50<=29.999,"Over Weight",B50>=30,"Obesity")} -> Over Weight | K50: {=_xlfn.IFS(C50<5.7,"Normal",C50<=6.4,"Prediabetes",C50>6.4,"Diabetes")} -> Diabetes
A51: Id1042 | B51: 33.4 | C51: 4.84 | D51: NO | E51: NO | F51: NO | G51: No major surgery | H51: NO | I51: =IF(G51="No major surgery",0,G51) -> 0 | J51: {=_xlfn.IFS(B51<18.5,"Under Weight",B51<=24.9,"Normal Weight",B51<=29.999,"Over Weight",B51>=30,"Obesity")} -> Obesity | K51: {=_xlfn.IFS(C51<5.7,"Normal",C51<=6.4,"Prediabetes",C51>6.4,"Diabetes")} -> Normal
A52: Id1043 | B52: 21.5 | C52: 9.77 | D52: YES | E52: NO | F52: NO | G52: No major surgery | H52: NO | I52: =IF(G52="No major surgery",0,G52) -> 0 | J52: {=_xlfn.IFS(B52<18.5,"Under Weight",B52<=24.9,"Normal Weight",B52<=29.999,"Over Weight",B52>=30,"Obesity")} -> Normal Weight | K52: {=_xlfn.IFS(C52<5.7,"Normal",C52<=6.4,"Prediabetes",C52>6.4,"Diabetes")} -> Diabetes
A53: Id1044 | B53: 38.14 | C53: 5.84 | D53: NO | E53: NO | F53: NO | G53: No major surgery | H53: NO | I53: =IF(G53="No major surgery",0,G53) -> 0 | J53: {=_xlfn.IFS(B53<18.5,"Under Weight",B53<=24.9,"Normal Weight",B53<=29.999,"Over Weight",B53>=30,"Obesity")} -> Obesity | K53: {=_xlfn.IFS(C53<5.7,"Normal",C53<=6.4,"Prediabetes",C53>6.4,"Diabetes")} -> Prediabetes
A54: Id1045 | B54: 35.42 | C54: 8.7 | D54: YES | E54: NO | F54: NO | G54: 1 | H54: NO | I54: =IF(G54="No major surgery",0,G54) -> 1 | J54: {=_xlfn.IFS(B54<18.5,"Under Weight",B54<=24.9,"Normal Weight",B54<=29.999,"Over Weight",B54>=30,"Obesity")} -> Obesity | K54: {=_xlfn.IFS(C54<5.7,"Normal",C54<=6.4,"Prediabetes",C54>6.4,"Diabetes")} -> Diabetes
A55: Id1046 | B55: 35.625 | C55: 10.79 | D55: NO | E55: NO | F55: NO | G55: No major surgery | H55: NO | I55: =IF(G55="No major surgery",0,G55) -> 0 | J55: {=_xlfn.IFS(B55<18.5,"Under Weight",B55<=24.9,"Normal Weight",B55<=29.999,"Over Weight",B55>=30,"Obesity")} -> Obesity | K55: {=_xlfn.IFS(C55<5.7,"Normal",C55<=6.4,"Prediabetes",C55>6.4,"Diabetes")} -> Diabetes
A56: Id1047 | B56: 45.51 | C56: 4.32 | D56: NO | E56: NO | F56: NO | G56: 1 | H56: NO | I56: =IF(G56="No major surgery",0,G56) -> 1 | J56: {=_xlfn.IFS(B56<18.5,"Under Weight",B56<=24.9,"Normal Weight",B56<=29.999,"Over Weight",B56>=30,"Obesity")} -> Obesity | K56: {=_xlfn.IFS(C56<5.7,"Normal",C56<=6.4,"Prediabetes",C56>6.4,"Diabetes")} -> Normal
A57: Id1048 | B57: 37.1 | C57: 7.19 | D57: YES | E57: NO | F57: NO | G57: No major surgery | H57: NO | I57: =IF(G57="No major surgery",0,G57) -> 0 | J57: {=_xlfn.IFS(B57<18.5,"Under Weight",B57<=24.9,"Normal Weight",B57<=29.999,"Over Weight",B57>=30,"Obesity")} -> Obesity | K57: {=_xlfn.IFS(C57<5.7,"Normal",C57<=6.4,"Prediabetes",C57>6.4,"Diabetes")} -> Diabetes
A58: Id1049 | B58: 30.5 | C58: 11.94 | D58: YES | E58: NO | F58: NO | G58: No major surgery | H58: NO | I58: =IF(G58="No major surgery",0,G58) -> 0 | J58: {=_xlfn.IFS(B58<18.5,"Under Weight",B58<=24.9,"Normal Weight",B58<=29.999,"Over Weight",B58>=30,"Obesity")} -> Obesity | K58: {=_xlfn.IFS(C58<5.7,"Normal",C58<=6.4,"Prediabetes",C58>6.4,"Diabetes")} -> Diabetes
A59: Id105 | B59: 35.3 | C59: 5.82 | D59: YES | E59: NO | F59: YES | G59: 1 | H59: YES | I59: =IF(G59="No major surgery",0,G59) -> 1 | J59: {=_xlfn.IFS(B59<18.5,"Under Weight",B59<=24.9,"Normal Weight",B59<=29.999,"Over Weight",B59>=30,"Obesity")} -> Obesity | K59: {=_xlfn.IFS(C59<5.7,"Normal",C59<=6.4,"Prediabetes",C59>6.4,"Diabetes")} -> Prediabetes
A60: Id1050 | B60: 28.16 | C60: 5.56 | D60: NO | E60: NO | F60: NO | G60: 2 | H60: NO | I60: =IF(G60="No major surgery",0,G60) -> 2 | J60: {=_xlfn.IFS(B60<18.5,"Under Weight",B60<=24.9,"Normal Weight",B60<=29.999,"Over Weight",B60>=30,"Obesity")} -> Over Weight | K60: {=_xlfn.IFS(C60<5.7,"Normal",C60<=6.4,"Prediabetes",C60>6.4,"Diabetes")} -> Normal
A61: Id1051 | B61: 29.1 | C61: 5.64 | D61: YES | E61: NO | F61: NO | G61: No major surgery | H61: NO | I61: =IF(G61="No major surgery",0,G61) -> 0 | J61: {=_xlfn.IFS(B61<18.5,"Under Weight",B61<=24.9,"Normal Weight",B61<=29.999,"Over Weight",B61>=30,"Obesity")} -> Over Weight | K61: {=_xlfn.IFS(C61<5.7,"Normal",C61<=6.4,"Prediabetes",C61>6.4,"Diabetes")} -> Normal
A62: Id1052 | B62: 30.22 | C62: 4.65 | D62: NO | E62: NO | F62: NO | G62: No major surgery | H62: NO | I62: =IF(G62="No major surgery",0,G62) -> 0 | J62: {=_xlfn.IFS(B62<18.5,"Under Weight",B62<=24.9,"Normal Weight",B62<=29.999,"Over Weight",B62>=30,"Obesity")} -> Obesity | K62: {=_xlfn.IFS(C62<5.7,"Normal",C62<=6.4,"Prediabetes",C62>6.4,"Diabetes")} -> Normal
A63: Id1053 | B63: 24.29 | C63: 9.05 | D63: NO | E63: NO | F63: NO | G63: No major surgery | H63: NO | I63: =IF(G63="No major surgery",0,G63) -> 0 | J63: {=_xlfn.IFS(B63<18.5,"Under Weight",B63<=24.9,"Normal Weight",B63<=29.999,"Over Weight",B63>=30,"Obesity")} -> Normal Weight | K63: {=_xlfn.IFS(C63<5.7,"Normal",C63<=6.4,"Prediabetes",C63>6.4,"Diabetes")} -> Diabetes
A64: Id1054 | B64: 29.39 | C64: 4.52 | D64: YES | E64: NO | F64: NO | G64: No major surgery | H64: NO | I64: =IF(G64="No major surgery",0,G64) -> 0 | J64: {=_xlfn.IFS(B64<18.5,"Under Weight",B64<=24.9,"Normal Weight",B64<=29.999,"Over Weight",B64>=30,"Obesity")} -> Over Weight | K64: {=_xlfn.IFS(C64<5.7,"Normal",C64<=6.4,"Prediabetes",C64>6.4,"Diabetes")} -> Normal
A65: Id1055 | B65: 25.66 | C65: 4.62 | D65: YES | E65: NO | F65: NO | G65: 1 | H65: NO | I65: =IF(G65="No major surgery",0,G65) -> 1 | J65: {=_xlfn.IFS(B65<18.5,"Under Weight",B65<=24.9,"Normal Weight",B65<=29.999,"Over Weight",B65>=30,"Obesity")} -> Over Weight | K65: {=_xlfn.IFS(C65<5.7,"Normal",C65<=6.4,"Prediabetes",C65>6.4,"Diabetes")} -> Normal
A66: Id1056 | B66: 39.11 | C66: 5.87 | D66: NO | E66: NO | F66: NO | G66: No major surgery | H66: NO | I66: =IF(G66="No major surgery",0,G66) -> 0 | J66: {=_xlfn.IFS(B66<18.5,"Under Weight",B66<=24.9,"Normal Weight",B66<=29.999,"Over Weight",B66>=30,"Obesity")} -> Obesity | K66: {=_xlfn.IFS(C66<5.7,"Normal",C66<=6.4,"Prediabetes",C66>6.4,"Diabetes")} -> Prediabetes
A67: Id1057 | B67: 43.78 | C67: 5.71 | D67: NO | E67: NO | F67: NO | G67: 1 | H67: NO | I67: =IF(G67="No major surgery",0,G67) -> 1 | J67: {=_xlfn.IFS(B67<18.5,"Under Weight",B67<=24.9,"Normal Weight",B67<=29.999,"Over Weight",B67>=30,"Obesity")} -> Obesity | K67: {=_xlfn.IFS(C67<5.7,"Normal",C67<=6.4,"Prediabetes",C67>6.4,"Diabetes")} -> Prediabetes
A68: Id1058 | B68: 24.35 | C68: 9.08 | D68: NO | E68: NO | F68: NO | G68: No major surgery | H68: NO | I68: =IF(G68="No major surgery",0,G68) -> 0 | J68: {=_xlfn.IFS(B68<18.5,"Under Weight",B68<=24.9,"Normal Weight",B68<=29.999,"Over Weight",B68>=30,"Obesity")} -> Normal Weight | K68: {=_xlfn.IFS(C68<5.7,"Normal",C68<=6.4,"Prediabetes",C68>6.4,"Diabetes")} -> Diabetes
A69: Id1059 | B69: 40.3 | C69: 5.3 | D69: YES | E69: NO | F69: NO | G69: 2 | H69: NO | I69: =IF(G69="No major surgery",0,G69) -> 2 | J69: {=_xlfn.IFS(B69<18.5,"Under Weight",B69<=24.9,"Normal Weight",B69<=29.999,"Over Weight",B69>=30,"Obesity")} -> Obesity | K69: {=_xlfn.IFS(C69<5.7,"Normal",C69<=6.4,"Prediabetes",C69>6.4,"Diabetes")} -> Normal
A70: Id106 | B70: 43.83 | C70: 6.03 | D70: YES | E70: NO | F70: NO | G70: 2 | H70: YES | I70: =IF(G70="No major surgery",0,G70) -> 2 | J70: {=_xlfn.IFS(B70<18.5,"Under Weight",B70<=24.9,"Normal Weight",B70<=29.999,"Over Weight",B70>=30,"Obesity")} -> Obesity | K70: {=_xlfn.IFS(C70<5.7,"Normal",C70<=6.4,"Prediabetes",C70>6.4,"Diabetes")} -> Prediabetes
A71: Id1060 | B71: 32.775 | C71: 11.76 | D71: YES | E71: NO | F71: NO | G71: No major surgery | H71: NO | I71: =IF(G71="No major surgery",0,G71) -> 0 | J71: {=_xlfn.IFS(B71<18.5,"Under Weight",B71<=24.9,"Normal Weight",B71<=29.999,"Over Weight",B71>=30,"Obesity")} -> Obesity | K71: {=_xlfn.IFS(C71<5.7,"Normal",C71<=6.4,"Prediabetes",C71>6.4,"Diabetes")} -> Diabetes
A72: Id1061 | B72: 39.6 | C72: 5.11 | D72: YES | E72: NO | F72: NO | G72: 2 | H72: NO | I72: =IF(G72="No major surgery",0,G72) -> 2 | J72: {=_xlfn.IFS(B72<18.5,"Under Weight",B72<=24.9,"Normal Weight",B72<=29.999,"Over Weight",B72>=30,"Obesity")} -> Obesity | K72: {=_xlfn.IFS(C72<5.7,"Normal",C72<=6.4,"Prediabetes",C72>6.4,"Diabetes")} -> Normal
A73: Id1062 | B73: 30.97 | C73: 5.54 | D73: NO | E73: NO | F73: NO | G73: 2 | H73: NO | I73: =IF(G73="No major surgery",0,G73) -> 2 | J73: {=_xlfn.IFS(B73<18.5,"Under Weight",B73<=24.9,"Normal Weight",B73<=29.999,"Over Weight",B73>=30,"Obesity")} -> Obesity | K73: {=_xlfn.IFS(C73<5.7,"Normal",C73<=6.4,"Prediabetes",C73>6.4,"Diabetes")} -> Normal
A74: Id1063 | B74: 27.645 | C74: 8.87 | D74: YES | E74: NO | F74: NO | G74: No major surgery | H74: NO | I74: =IF(G74="No major surgery",0,G74) -> 0 | J74: {=_xlfn.IFS(B74<18.5,"Under Weight",B74<=24.9,"Normal Weight",B74<=29.999,"Over Weight",B74>=30,"Obesity")} -> Over Weight | K74: {=_xlfn.IFS(C74<5.7,"Normal",C74<=6.4,"Prediabetes",C74>6.4,"Diabetes")} -> Diabetes
A75: Id1064 | B75: 34.43 | C75: 5.96 | D75: YES | E75: NO | F75: NO | G75: 2 | H75: NO | I75: =IF(G75="No major surgery",0,G75) -> 2 | J75: {=_xlfn.IFS(B75<18.5,"Under Weight",B75<=24.9,"Normal Weight",B75<=29.999,"Over Weight",B75>=30,"Obesity")} -> Obesity | K75: {=_xlfn.IFS(C75<5.7,"Normal",C75<=6.4,"Prediabetes",C75>6.4,"Diabetes")} -> Prediabetes
A76: Id1065 | B76: 39.6 | C76: 4.44 | D76: YES | E76: NO | F76: YES | G76: 1 | H76: NO | I76: =IF(G76="No major surgery",0,G76) -> 1 | J76: {=_xlfn.IFS(B76<18.5,"Under Weight",B76<=24.9,"Normal Weight",B76<=29.999,"Over Weight",B76>=30,"Obesity")} -> Obesity | K76: {=_xlfn.IFS(C76<5.7,"Normal",C76<=6.4,"Prediabetes",C76>6.4,"Diabetes")} -> Normal
A77: Id1066 | B77: 22.1 | C77: 4.65 | D77: YES | E77: NO | F77: NO | G77: 2 | H77: NO | I77: =IF(G77="No major surgery",0,G77) -> 2 | J77: {=_xlfn.IFS(B77<18.5,"Under Weight",B77<=24.9,"Normal Weight",B77<=29.999,"Over Weight",B77>=30,"Obesity")} -> Normal Weight | K77: {=_xlfn.IFS(C77<5.7,"Normal",C77<=6.4,"Prediabetes",C77>6.4,"Diabetes")} -> Normal
A78: Id1067 | B78: 33.25 | C78: 5.64 | D78: YES | E78: NO | F78: YES | G78: 1 | H78: NO | I78: =IF(G78="No major surgery",0,G78) -> 1 | J78: {=_xlfn.IFS(B78<18.5,"Under Weight",B78<=24.9,"Normal Weight",B78<=29.999,"Over Weight",B78>=30,"Obesity")} -> Obesity | K78: {=_xlfn.IFS(C78<5.7,"Normal",C78<=6.4,"Prediabetes",C78>6.4,"Diabetes")} -> Normal
A79: Id1068 | B79: 33.33 | C79: 10.19 | D79: NO | E79: NO | F79: NO | G79: No major surgery | H79: NO | I79: =IF(G79="No major surgery",0,G79) -> 0 | J79: {=_xlfn.IFS(B79<18.5,"Under Weight",B79<=24.9,"Normal Weight",B79<=29.999,"Over Weight",B79>=30,"Obesity")} -> Obesity | K79: {=_xlfn.IFS(C79<5.7,"Normal",C79<=6.4,"Prediabetes",C79>6.4,"Diabetes")} -> Diabetes
A80: Id1069 | B80: 30.5 | C80: 10.79 | D80: NO | E80: NO | F80: NO | G80: No major surgery | H80: NO | I80: =IF(G80="No major surgery",0,G80) -> 0 | J80: {=_xlfn.IFS(B80<18.5,"Under Weight",B80<=24.9,"Normal Weight",B80<=29.999,"Over Weight",B80>=30,"Obesity")} -> Obesity | K80: {=_xlfn.IFS(C80<5.7,"Normal",C80<=6.4,"Prediabetes",C80>6.4,"Diabetes")} -> Diabetes
A81: Id107 | B81: 50.07 | C81: 9.27 | D81: NO | E81: NO | F81: NO | G81: No major surgery | H81: YES | I81: =IF(G81="No major surgery",0,G81) -> 0 | J81: {=_xlfn.IFS(B81<18.5,"Under Weight",B81<=24.9,"Normal Weight",B81<=29.999,"Over Weight",B81>=30,"Obesity")} -> Obesity | K81: {=_xlfn.IFS(C81<5.7,"Normal",C81<=6.4,"Prediabetes",C81>6.4,"Diabetes")} -> Diabetes
A82: Id1070 | B82: 30.3 | C82: 4.24 | D82: NO | E82: NO | F82: NO | G82: No major surgery | H82: NO | I82: =IF(G82="No major surgery",0,G82) -> 0 | J82: {=_xlfn.IFS(B82<18.5,"Under Weight",B82<=24.9,"Normal Weight",B82<=29.999,"Over Weight",B82>=30,"Obesity")} -> Obesity | K82: {=_xlfn.IFS(C82<5.7,"Normal",C82<=6.4,"Prediabetes",C82>6.4,"Diabetes")} -> Normal
A83: Id1071 | B83: 26.22 | C83: 5.83 | D83: NO | E83: NO | F83: NO | G83: 2 | H83: NO | I83: =IF(G83="No major surgery",0,G83) -> 2 | J83: {=_xlfn.IFS(B83<18.5,"Under Weight",B83<=24.9,"Normal Weight",B83<=29.999,"Over Weight",B83>=30,"Obesity")} -> Over Weight | K83: {=_xlfn.IFS(C83<5.7,"Normal",C83<=6.4,"Prediabetes",C83>6.4,"Diabetes")} -> Prediabetes
A84: Id1072 | B84: 29.99 | C84: 11.85 | D84: NO | E84: NO | F84: NO | G84: No major surgery | H84: NO | I84: =IF(G84="No major surgery",0,G84) -> 0 | J84: {=_xlfn.IFS(B84<18.5,"Under Weight",B84<=24.9,"Normal Weight",B84<=29.999,"Over Weight",B84>=30,"Obesity")} -> Over Weight | K84: {=_xlfn.IFS(C84<5.7,"Normal",C84<=6.4,"Prediabetes",C84>6.4,"Diabetes")} -> Diabetes
A85: Id1073 | B85: 36.38 | C85: 5.98 | D85: NO | E85: NO | F85: NO | G85: 1 | H85: NO | I85: =IF(G85="No major surgery",0,G85) -> 1 | J85: {=_xlfn.IFS(B85<18.5,"Under Weight",B85<=24.9,"Normal Weight",B85<=29.999,"Over Weight",B85>=30,"Obesity")} -> Obesity | K85: {=_xlfn.IFS(C85<5.7,"Normal",C85<=6.4,"Prediabetes",C85>6.4,"Diabetes")} -> Prediabetes
A86: Id1074 | B86: 31.16 | C86: 4.26 | D86: YES | E86: NO | F86: YES | G86: 1 | H86: NO | I86: =IF(G86="No major surgery",0,G86) -> 1 | J86: {=_xlfn.IFS(B86<18.5,"Under Weight",B86<=24.9,"Normal Weight",B86<=29.999,"Over Weight",B86>=30,"Obesity")} -> Obesity | K86: {=_xlfn.IFS(C86<5.7,"Normal",C86<=6.4,"Prediabetes",C86>6.4,"Diabetes")} -> Normal
A87: Id1075 | B87: 25.55 | C87: 4.96 | D87: YES | E87: NO | F87: NO | G87: 1 | H87: NO | I87: =IF(G87="No major surgery",0,G87) -> 1 | J87: {=_xlfn.IFS(B87<18.5,"Under Weight",B87<=24.9,"Normal Weight",B87<=29.999,"Over Weight",B87>=30,"Obesity")} -> Over Weight | K87: {=_xlfn.IFS(C87<5.7,"Normal",C87<=6.4,"Prediabetes",C87>6.4,"Diabetes")} -> Normal
A88: Id1076 | B88: 28.77 | C88: 4 | D88: YES | E88: NO | F88: NO | G88: No major surgery | H88: NO | I88: =IF(G88="No major surgery",0,G88) -> 0 | J88: {=_xlfn.IFS(B88<18.5,"Under Weight",B88<=24.9,"Normal Weight",B88<=29.999,"Over Weight",B88>=30,"Obesity")} -> Over Weight | K88: {=_xlfn.IFS(C88<5.7,"Normal",C88<=6.4,"Prediabetes",C88>6.4,"Diabetes")} -> Normal
A89: Id1077 | B89: 23.14 | C89: 4.15 | D89: YES | E89: NO | F89: NO | G89: 1 | H89: NO | I89: =IF(G89="No major surgery",0,G89) -> 1 | J89: {=_xlfn.IFS(B89<18.5,"Under Weight",B89<=24.9,"Normal Weight",B89<=29.999,"Over Weight",B89>=30,"Obesity")} -> Normal Weight | K89: {=_xlfn.IFS(C89<5.7,"Normal",C89<=6.4,"Prediabetes",C89>6.4,"Diabetes")} -> Normal
A90: Id1078 | B90: 39.6 | C90: 11.36 | D90: NO | E90: NO | F90: NO | G90: No major surgery | H90: NO | I90: =IF(G90="No major surgery",0,G90) -> 0 | J90: {=_xlfn.IFS(B90<18.5,"Under Weight",B90<=24.9,"Normal Weight",B90<=29.999,"Over Weight",B90>=30,"Obesity")} -> Obesity | K90: {=_xlfn.IFS(C90<5.7,"Normal",C90<=6.4,"Prediabetes",C90>6.4,"Diabetes")} -> Diabetes
A91: Id1079 | B91: 29.2 | C91: 7.53 | D91: NO | E91: NO | F91: NO | G91: No major surgery | H91: NO | I91: =IF(G91="No major surgery",0,G91) -> 0 | J91: {=_xlfn.IFS(B91<18.5,"Under Weight",B91<=24.9,"Normal Weight",B91<=29.999,"Over Weight",B91>=30,"Obesity")} -> Over Weight | K91: {=_xlfn.IFS(C91<5.7,"Normal",C91<=6.4,"Prediabetes",C91>6.4,"Diabetes")} -> Diabetes
A92: Id108 | B92: 32.775 | C92: 5.53 | D92: NO | E92: NO | F92: NO | G92: No major surgery | H92: YES | I92: =IF(G92="No major surgery",0,G92) -> 0 | J92: {=_xlfn.IFS(B92<18.5,"Under Weight",B92<=24.9,"Normal Weight",B92<=29.999,"Over Weight",B92>=30,"Obesity")} -> Obesity | K92: {=_xlfn.IFS(C92<5.7,"Normal",C92<=6.4,"Prediabetes",C92>6.4,"Diabetes")} -> Normal
A93: Id1080 | B93: 32.775 | C93: 7.95 | D93: NO | E93: NO | F93: NO | G93: No major surgery | H93: NO | I93: =IF(G93="No major surgery",0,G93) -> 0 | J93: {=_xlfn.IFS(B93<18.5,"Under Weight",B93<=24.9,"Normal Weight",B93<=29.999,"Over Weight",B93>=30,"Obesity")} -> Obesity | K93: {=_xlfn.IFS(C93<5.7,"Normal",C93<=6.4,"Prediabetes",C93>6.4,"Diabetes")} -> Diabetes
A94: Id1081 | B94: 24.035 | C94: 8.5 | D94: NO | E94: NO | F94: NO | G94: No major surgery | H94: NO | I94: =IF(G94="No major surgery",0,G94) -> 0 | J94: {=_xlfn.IFS(B94<18.5,"Under Weight",B94<=24.9,"Normal Weight",B94<=29.999,"Over Weight",B94>=30,"Obesity")} -> Normal Weight | K94: {=_xlfn.IFS(C94<5.7,"Normal",C94<=6.4,"Prediabetes",C94>6.4,"Diabetes")} -> Diabetes
A95: Id1082 | B95: 30.55 | C95: 5.89 | D95: NO | E95: NO | F95: YES | G95: 1 | H95: NO | I95: =IF(G95="No major surgery",0,G95) -> 1 | J95: {=_xlfn.IFS(B95<18.5,"Under Weight",B95<=24.9,"Normal Weight",B95<=29.999,"Over Weight",B95>=30,"Obesity")} -> Obesity | K95: {=_xlfn.IFS(C95<5.7,"Normal",C95<=6.4,"Prediabetes",C95>6.4,"Diabetes")} -> Prediabetes
A96: Id1083 | B96: 28.81 | C96: 8.76 | D96: NO | E96: NO | F96: NO | G96: 2 | H96: NO | I96: =IF(G96="No major surgery",0,G96) -> 2 | J96: {=_xlfn.IFS(B96<18.5,"Under Weight",B96<=24.9,"Normal Weight",B96<=29.999,"Over Weight",B96>=30,"Obesity")} -> Over Weight | K96: {=_xlfn.IFS(C96<5.7,"Normal",C96<=6.4,"Prediabetes",C96>6.4,"Diabetes")} -> Diabetes
A97: Id1084 | B97: 31.66 | C97: 4.11 | D97: NO | E97: NO | F97: NO | G97: No major surgery | H97: NO | I97: =IF(G97="No major surgery",0,G97) -> 0 | J97: {=_xlfn.IFS(B97<18.5,"Under Weight",B97<=24.9,"Normal Weight",B97<=29.999,"Over Weight",B97>=30,"Obesity")} -> Obesity | K97: {=_xlfn.IFS(C97<5.7,"Normal",C97<=6.4,"Prediabetes",C97>6.4,"Diabetes")} -> Normal
A98: Id1085 | B98: 28.215 | C98: 7.56 | D98: YES | E98: NO | F98: NO | G98: 1 | H98: NO | I98: =IF(G98="No major surgery",0,G98) -> 1 | J98: {=_xlfn.IFS(B98<18.5,"Under Weight",B98<=24.9,"Normal Weight",B98<=29.999,"Over Weight",B98>=30,"Obesity")} -> Over Weight | K98: {=_xlfn.IFS(C98<5.7,"Normal",C98<=6.4,"Prediabetes",C98>6.4,"Diabetes")} -> Diabetes
A99: Id1086 | B99: 26.12 | C99: 4.17 | D99: YES | E99: NO | F99: YES | G99: 1 | H99: NO | I99: =IF(G99="No major surgery",0,G99) -> 1 | J99: {=_xlfn.IFS(B99<18.5,"Under Weight",B99<=24.9,"Normal Weight",B99<=29.999,"Over Weight",B99>=30,"Obesity")} -> Over Weight | K99: {=_xlfn.IFS(C99<5.7,"Normal",C99<=6.4,"Prediabetes",C99>6.4,"Diabetes")} -> Normal
A100: Id1087 | B100: 36.63 | C100: 11.42 | D100: NO | E100: NO | F100: NO | G100: 2 | H100: NO | I100: =IF(G100="No major surgery",0,G100) -> 2 | J100: {=_xlfn.IFS(B100<18.5,"Under Weight",B100<=24.9,"Normal Weight",B100<=29.999,"Over Weight",B100>=30,"Obesity")} -> Obesity | K100: {=_xlfn.IFS(C100<5.7,"Normal",C100<=6.4,"Prediabetes",C100>6.4,"Diabetes")} -> Diabetes
...

Sheet Cleaned Hospitalisation data
A1: Customer ID2 | B1: Children | C1: charges | D1: Hospital Tier | E1: City Tier | F1: State ID | G1: Date Of Birth | H1: Customer Age | I1: Impute Missing Year | J1: Missing Month | K1: date
A2: Id1 | B2: 0 | C2: 63770.43 | D2: Tier - 1 | E2: Tier - 3 | F2: R1013 | G2: 25123 | H2: =INT(YEARFRAC(G2,"8-jun-2023")) -> 54 | I2: 2004 | J2: Nov | K2: 6 | M2: REMOVED ROWS
A3: Id10 | B3: 0 | C3: 48885.14 | D3: Tier - 1 | E3: Tier - 2 | F3: R1013 | G3: 28853 | H3: =INT(YEARFRAC(G3,"8-jun-2023")) -> 44 | I3: 1999 | J3: Jun | K3: 9
A4: Id100 | B4: 2 | C4: 40284.38 | D4: Tier - 1 | E4: Tier - 3 | F4: R1012 | G4: 28303 | H4: =INT(YEARFRAC(G4,"8-jun-2023")) -> 45 | I4: 1985 | J4: Dec | K4: 20 | M4: id2444 | N4: 2 | O4: 20984.09 | P4: Tier - 2 | Q4: Tier - 2 | R4: R1015 | S4: 27-Nov-1987 | T4: =INT(YEARFRAC(S4,"8-jun-2023")) -> 35 | U4: 1970 | V4: Dec | W4: 28
A5: Id1000 | B5: 3 | C5: 11250.43 | D5: Tier - 3 | E5: Tier - 2 | F5: R1026 | G5: 32859 | H5: =INT(YEARFRAC(G5,"8-jun-2023")) -> 33 | I5: 2000 | J5: Oct | K5: 13 | M5: id3444 | N5: 2 | O5: 34303.17 | P5: Tier - 1 | Q5: Tier - 3 | R5: R1013 | S5: 1-Nov-2004 | T5: =INT(YEARFRAC(S5,"8-jun-2023")) -> 18 | U5: 1985 | V5: Sep | W5: 30
A6: Id1001 | B6: 2 | C6: 11244.38 | D6: Tier - 3 | E6: Tier - 1 | F6: R1016 | G6: 25567 | H6: =INT(YEARFRAC(G6,"8-jun-2023")) -> 53 | I6: 1992 | J6: Oct | K6: 6 | M6: Unknown | N6: 0 | O6: 1137.01 | P6: Tier - 3 | Q6: Tier - 1 | R6: R1013 | S6: 38297 | T6: =INT(YEARFRAC(S6,"8-jun-2023")) -> 18 | U6: 1967 | V6: Jun | W6: 14
A7: Id1002 | B7: 2 | C7: 11217.35 | D7: Tier - 3 | E7: Tier - 2 | F7: R1025 | G7: 27939 | H7: =INT(YEARFRAC(G7,"8-jun-2023")) -> 46 | I7: 1991 | J7: Nov | K7: 22 | M7: Unknown | N7: 1 | O7: 2775.19 | P7: Tier - 2 | Q7: Tier - 1 | R7: R1012 | S7: 36320 | T7: =INT(YEARFRAC(S7,"8-jun-2023")) -> 23 | U7: 2004 | V7: Oct | W7: 4
A8: Id1003 | B8: 2 | C8: 11187.66 | D8: Tier - 3 | E8: Tier - 2 | F8: R1012 | G8: 25733 | H8: =INT(YEARFRAC(G8,"8-jun-2023")) -> 52 | I8: 1968 | J8: Oct | K8: 12 | M8: Unknown | N8: 2 | O8: 6203.9 | P8: Tier - 1 | Q8: Tier - 2 | R8: R1012 | S8: 31401 | T8: =INT(YEARFRAC(S8,"8-jun-2023")) -> 37 | U8: 1971 | V8: Dec | W8: 26
A9: Id1004 | B9: 0 | C9: 11186.2 | D9: Tier - 3 | E9: Tier - 2 | F9: R1021 | G9: 26545 | H9: =INT(YEARFRAC(G9,"8-jun-2023")) -> 50 | I9: 1978 | J9: Dec | K9: 29 | M9: Unknown | N9: 0 | O9: 35585.58 | P9: Tier - 1 | Q9: Tier - 2 | R9: R1011 | S9: 36812 | T9: =INT(YEARFRAC(S9,"8-jun-2023")) -> 22 | U9: 1969 | V9: Oct | W9: 11
A10: Id1005 | B10: 0 | C10: 11165.42 | D10: Tier - 3 | E10: Tier - 1 | F10: R1016 | G10: 6-Aug-1966 | H10: =INT(YEARFRAC(G10,"8-jun-2023")) -> 56 | I10: 1977 | J10: Jun | K10: 27 | M10: Unknown | N10: 0 | O10: 36837.47 | P10: Tier - 1 | Q10: Tier - 2 | R10: R1011 | S10: 33883 | T10: =INT(YEARFRAC(S10,"8-jun-2023")) -> 30 | U10: 1981 | V10: Oct | W10: 2
A11: Id1006 | B11: 2 | C11: 11163.57 | D11: Tier - 3 | E11: Tier - 2 | F11: R1011 | G11: 25379 | H11: =INT(YEARFRAC(G11,"8-jun-2023")) -> 53 | I11: 1989 | J11: Dec | K11: 17 | M11: Unknown | N11: 2 | O11: 38711 | P11: Tier - 1 | Q11: Tier - 3 | R11: R1011 | S11: 33564 | T11: =INT(YEARFRAC(S11,"8-jun-2023")) -> 31 | U11: 1969 | V11: Aug | W11: 20
A12: Id1007 | B12: 2 | C12: 11150.78 | D12: Tier - 3 | E12: Tier - 2 | F12: R1011 | G12: 30-Nov-1969 | H12: =INT(YEARFRAC(G12,"8-jun-2023")) -> 53 | I12: 1969 | J12: Dec | K12: 30
A13: Id1008 | B13: 2 | C13: 11103.33 | D13: Tier - 3 | E13: Tier - 1 | F13: R1021 | G13: 20-Aug-1980 | H13: =INT(YEARFRAC(G13,"8-jun-2023")) -> 42 | I13: 1976 | J13: Jun | K13: 28
A14: Id1009 | B14: 0 | C14: 11093.62 | D14: Tier - 3 | E14: Tier - 1 | F14: R1013 | G14: 5-Jul-1966 | H14: =INT(YEARFRAC(G14,"8-jun-2023")) -> 56 | I14: 1970 | J14: Jun | K14: 14
A15: Id101 | B15: 1 | C15: 40273.65 | D15: Tier - 1 | E15: Tier - 3 | F15: R1013 | G15: 29863 | H15: =INT(YEARFRAC(G15,"8-jun-2023")) -> 41 | I15: 1972 | J15: Sep | K15: 3
A16: Id1010 | B16: 0 | C16: 11090.72 | D16: Tier - 3 | E16: Tier - 1 | F16: R1013 | G16: 24359 | H16: =INT(YEARFRAC(G16,"8-jun-2023")) -> 56 | I16: 1966 | J16: Aug | K16: 6
A17: Id1011 | B17: 3 | C17: 11085.59 | D17: Tier - 3 | E17: Tier - 2 | F17: R1012 | G17: 7-Oct-1972 | H17: =INT(YEARFRAC(G17,"8-jun-2023")) -> 50 | I17: 1969 | J17: Jun | K17: 25
A18: Id1012 | B18: 0 | C18: 11082.58 | D18: Tier - 3 | E18: Tier - 2 | F18: R1012 | G18: 24719 | H18: =INT(YEARFRAC(G18,"8-jun-2023")) -> 55 | I18: 1969 | J18: Nov | K18: 30
A19: Id1013 | B19: 0 | C19: 11073.18 | D19: Tier - 3 | E19: Tier - 3 | F19: R1011 | G19: 24431 | H19: =INT(YEARFRAC(G19,"8-jun-2023")) -> 56 | I19: 1980 | J19: Aug | K19: 20
A20: Id1014 | B20: 0 | C20: 11070.54 | D20: Tier - 3 | E20: Tier - 3 | F20: R1011 | G20: 24418 | H20: =INT(YEARFRAC(G20,"8-jun-2023")) -> 56 | I20: 1966 | J20: Jul | K20: 5
A21: Id1015 | B21: 0 | C21: 11068.77 | D21: Tier - 3 | E21: Tier - 2 | F21: R1012 | G21: 9-Nov-1971 | H21: =INT(YEARFRAC(G21,"8-jun-2023")) -> 51 | I21: 1981 | J21: Oct | K21: 4
A22: Id1016 | B22: 0 | C22: 11068.7 | D22: Tier - 3 | E22: Tier - 1 | F22: R1011 | G22: 36787 | H22: =INT(YEARFRAC(G22,"8-jun-2023")) -> 22 | I22: 1966 | J22: Sep | K22: 9
A23: Id1017 | B23: 0 | C23: 11046.02 | D23: Tier - 3 | E23: Tier - 1 | F23: R1026 | G23: 37242 | H23: =INT(YEARFRAC(G23,"8-jun-2023")) -> 21 | I23: 1972 | J23: Oct | K23: 7
A24: Id1018 | B24: 0 | C24: 11037.85 | D24: Tier - 3 | E24: Tier - 2 | F24: R1025 | G24: 30-Aug-1974 | H24: =INT(YEARFRAC(G24,"8-jun-2023")) -> 48 | I24: 1967 | J24: Sep | K24: 4
A25: Id1019 | B25: 3 | C25: 11037.51 | D25: Tier - 3 | E25: Tier - 1 | F25: R1012 | G25: 25-Oct-1989 | H25: =INT(YEARFRAC(G25,"8-jun-2023")) -> 33 | I25: 1966 | J25: Nov | K25: 20
A26: Id102 | B26: 1 | C26: 40208.56 | D26: Tier - 1 | E26: Tier - 2 | F26: R1011 | G26: 28-Jul-1981 | H26: =INT(YEARFRAC(G26,"8-jun-2023")) -> 41 | I26: 1966 | J26: Nov | K26: 7
A27: Id1020 | B27: 4 | C27: 11033.66 | D27: Tier - 3 | E27: Tier - 3 | F27: R1012 | G27: 10-Dec-1974 | H27: =INT(YEARFRAC(G27,"8-jun-2023")) -> 48 | I27: 1971 | J27: Nov | K27: 9
A28: Id1021 | B28: 0 | C28: 11028.56 | D28: Tier - 3 | E28: Tier - 3 | F28: R1012 | G28: 21-Jul-1996 | H28: =INT(YEARFRAC(G28,"8-jun-2023")) -> 26 | I28: 2000 | J28: Sep | K28: 18
A29: Id1022 | B29: 3 | C29: 11018.05 | D29: Tier - 3 | E29: Tier - 2 | F29: R1012 | G29: 26-Jun-1991 | H29: =INT(YEARFRAC(G29,"8-jun-2023")) -> 31 | I29: 2001 | J29: Dec | K29: 17
A30: Id1023 | B30: 4 | C30: 11015.17 | D30: Tier - 3 | E30: Tier - 1 | F30: R1012 | G30: 15-Dec-1974 | H30: =INT(YEARFRAC(G30,"8-jun-2023")) -> 48 | I30: 1974 | J30: Aug | K30: 30
A31: Id1024 | B31: 2 | C31: 11013.71 | D31: Tier - 3 | E31: Tier - 1 | F31: R1013 | G31: 24-Oct-1968 | H31: =INT(YEARFRAC(G31,"8-jun-2023")) -> 54 | I31: 1989 | J31: Oct | K31: 25
A32: Id1025 | B32: 0 | C32: 10991.58 | D32: Tier - 3 | E32: Tier - 3 | F32: R1012 | G32: 17-Sep-2000 | H32: =INT(YEARFRAC(G32,"8-jun-2023")) -> 22 | I32: 1981 | J32: Jul | K32: 28
A33: Id1026 | B33: 0 | C33: 10982.5 | D33: Tier - 3 | E33: Tier - 3 | F33: R1013 | G33: 18-Dec-1965 | H33: =INT(YEARFRAC(G33,"8-jun-2023")) -> 57 | I33: 1974 | J33: Dec | K33: 10
A34: Id1027 | B34: 4 | C34: 10977.21 | D34: Tier - 3 | E34: Tier - 1 | F34: R1013 | G34: 21-Oct-1973 | H34: =INT(YEARFRAC(G34,"8-jun-2023")) -> 49 | I34: 1996 | J34: Jul | K34: 21
A35: Id1028 | B35: 0 | C35: 10976.25 | D35: Tier - 3 | E35: Tier - 2 | F35: R1012 | G35: 9-Jul-1966 | H35: =INT(YEARFRAC(G35,"8-jun-2023")) -> 56 | I35: 1991 | J35: Jun | K35: 26
... A2327: Id990 | B2327: 1 | C2327: 11305.93 | D2327: Tier - 3 | E2327: Tier - 1 | F2327: R1012 | G2327: 6-Oct-1968 | H2327: =INT(YEARFRAC(G2327,"8-jun-2023")) -> 54 | I2327: 1989 | J2327: Aug | K2327: 19
A2328: Id991 | B2328: 4 | C2328: 11299.34 | D2328: Tier - 3 | E2328: Tier - 2 | F2328: R1011 | G2328: 26567 | H2328: =INT(YEARFRAC(G2328,"8-jun-2023")) -> 50 | I2328: 2002 | J2328: Sep | K2328: 20
A2329: Id992 | B2329: 3 | C2329: 11294.57 | D2329: Tier - 3 | E2329: Tier - 1 | F2329: R1022 | G2329: 14-Nov-1988 | H2329: =INT(YEARFRAC(G2329,"8-jun-2023")) -> 34 | I2329: 1963 | J2329: Jul | K2329: 11
A2330: Id993 | B2330: 3 | C2330: 11289.11 | D2330: Tier - 3 | E2330: Tier - 1 | F2330: R1012 | G2330: 25741 | H2330: =INT(YEARFRAC(G2330,"8-jun-2023")) -> 52 | I2330: 1995 | J2330: Dec | K2330: 10
A2331: Id994 | B2331: 0 | C2331: 11286.54 | D2331: Tier - 3 | E2331: Tier - 3 | F2331: R1024 | G2331: 14-Jun-1967 | H2331: =INT(YEARFRAC(G2331,"8-jun-2023")) -> 55 | I2331: 1963 | J2331: Nov | K2331: 22
A2332: Id995 | B2332: 1 | C2332: 11272.33 | D2332: Tier - 3 | E2332: Tier - 2 | F2332: R1019 | G2332: 4-Oct-2004 | H2332: =INT(YEARFRAC(G2332,"8-jun-2023")) -> 18 | I2332: 1962 | J2332: Sep | K2332: 4
A2333: Id996 | B2333: 0 | C2333: 11265.71 | D2333: Tier - 3 | E2333: Tier - 1 | F2333: R1025 | G2333: 26-Dec-1971 | H2333: =INT(YEARFRAC(G2333,"8-jun-2023")) -> 51 | I2333: 1968 | J2333: Oct | K2333: 6
A2334: Id997 | B2334: 3 | C2334: 11264.54 | D2334: Tier - 3 | E2334: Tier - 2 | F2334: R1011 | G2334: 11-Oct-1969 | H2334: =INT(YEARFRAC(G2334,"8-jun-2023")) -> 53 | I2334: 1972 | J2334: Sep | K2334: 25
A2335: Id998 | B2335: 1 | C2335: 11255.29 | D2335: Tier - 3 | E2335: Tier - 1 | F2335: R1026 | G2335: 2-Oct-1981 | H2335: =INT(YEARFRAC(G2335,"8-jun-2023")) -> 41 | I2335: 1988 | J2335: Nov | K2335: 14
A2336: Id999 | B2336: 3 | C2336: 11253.42 | D2336: Tier - 3 | E2336: Tier - 1 | F2336: R1011 | G2336: 20-Aug-1969 | H2336: =INT(YEARFRAC(G2336,"8-jun-2023")) -> 53 | I2336: 1970 | J2336: Jun | K2336: 22

Sheet Healthcare
A1: Customer ID | B1: Title | C1: First Name | D1: Last Name | E1: Date Of Birth | F1: Customer Age | G1: Children | H1: charges | I1: Hospital Tier | J1: City Tier | K1: State ID | L1: BMI | M1: HBA1C | N1: Heart Issues | O1: Any Transplants | P1: Cancer history | Q1: Smoker | R1: Number Of Major Surgeries | S1: Weight Status | T1: Diabetes Status
A2: Id1 | B2: =VLOOKUP(A2,'Customer Names'!$A:$G,7,0) -> Ms | C2: =VLOOKUP(A2,'Customer Names'!$A:$F,6,0) -> Kelly | D2: =VLOOKUP(A2,'Customer Names'!$A:$E,5,0) -> Hawks | E2: =VLOOKUP(A2,'Cleaned Hospitalisation data'!$A:$K,7,0) -> 25123 | F2: =VLOOKUP(A2,'Cleaned Hospitalisation data'!$A$1:$K$2336,8,0) -> 54 | G2: =VLOOKUP(A2,'Cleaned Hospitalisation data'!$A:$K,2,0) -> 0 | H2: =VLOOKUP(A2,'Cleaned Hospitalisation data'!$A$1:$K$2336,3,0) -> 63770.43 | I2: =VLOOKUP(A2,'Cleaned Hospitalisation data'!$A$1:$K$2336,4,0) -> Tier - 1 | J2: =VLOOKUP(A2,'Cleaned Hospitalisation data'!$A$1:$K$2336,5,0) -> Tier - 3 | K2: =VLOOKUP(A2,'Cleaned Hospitalisation data'!$A$1:$K$2336,6,0) -> R1013 | L2: {=_xlfn.XLOOKUP(A2,$A:$A,'Cleaned Medical Examiation data'!$B:$F)} -> 47.41 | M2: 7.47 | N2: NO | O2: NO | P2: NO | Q2: {=_xlfn.XLOOKUP(A2,$A:$A,'Cleaned Medical Examiation data'!$H:$K)} -> YES | R2: 0 | S2: Obesity | T2: Diabetes
A3: Id10 | B3: =VLOOKUP(A3,'Customer Names'!$A:$G,7,0) -> Ms | C3: =VLOOKUP(A3,'Customer Names'!$A:$F,6,0) -> Brooke N | D3: =VLOOKUP(A3,'Customer Names'!$A:$E,5,0) -> Benner | E3: =VLOOKUP(A3,'Cleaned Hospitalisation data'!$A:$K,7,0) -> 28853 | F3: =VLOOKUP(A3,'Cleaned Hospitalisation data'!$A$1:$K$2336,8,0) -> 44 | G3: =VLOOKUP(A3,'Cleaned Hospitalisation data'!$A:$K,2,0) -> 0 | H3: =VLOOKUP(A3,'Cleaned Hospitalisation data'!$A$1:$K$2336,3,0) -> 48885.14 | I3: =VLOOKUP(A3,'Cleaned Hospitalisation data'!$A$1:$K$2336,4,0) -> Tier - 1 | J3: =VLOOKUP(A3,'Cleaned Hospitalisation data'!$A$1:$K$2336,5,0) -> Tier - 2 | K3: =VLOOKUP(A3,'Cleaned Hospitalisation data'!$A$1:$K$2336,6,0) -> R1013 | L3: {=_xlfn.XLOOKUP(A3,$A:$A,'Cleaned Medical Examiation data'!$B:$F)} -> 38.06 | M3: 10.79 | N3: NO | O3: NO | P3: NO | Q3: {=_xlfn.XLOOKUP(A3,$A:$A,'Cleaned Medical Examiation data'!$H:$K)} -> YES | R3: 0 | S3: Obesity | T3: Diabetes
A4: Id100 | B4: =VLOOKUP(A4,'Customer Names'!$A:$G,7,0) -> Mr | C4: =VLOOKUP(A4,'Customer Names'!$A:$F,6,0) -> Daniel | D4: =VLOOKUP(A4,'Customer Names'!$A:$E,5,0) -> Gollins | E4: =VLOOKUP(A4,'Cleaned Hospitalisation data'!$A:$K,7,0) -> 28303 | F4: =VLOOKUP(A4,'Cleaned Hospitalisation data'!$A$1:$K$2336,8,0) -> 45 | G4: =VLOOKUP(A4,'Cleaned Hospitalisation data'!$A:$K,2,0) -> 2 | H4: =VLOOKUP(A4,'Cleaned Hospitalisation data'!$A$1:$K$2336,3,0) -> 40284.38 | I4: =VLOOKUP(A4,'Cleaned Hospitalisation data'!$A$1:$K$2336,4,0) -> Tier - 1 | J4: =VLOOKUP(A4,'Cleaned Hospitalisation data'!$A$1:$K$2336,5,0) -> Tier - 3 | K4: =VLOOKUP(A4,'Cleaned Hospitalisation data'!$A$1:$K$2336,6,0) -> R1012 | L4: {=_xlfn.XLOOKUP(A4,$A:$A,'Cleaned Medical Examiation data'!$B:$F)} -> 48.2 | M4: 4.84 | N4: NO | O4: NO | P4: NO | Q4: {=_xlfn.XLOOKUP(A4,$A:$A,'Cleaned Medical Examiation data'!$H:$K)} -> YES | R4: 0 | S4: Obesity | T4: Normal
A5: Id1000 | B5: =VLOOKUP(A5,'Customer Names'!$A:$G,7,0) -> Mrs | C5: =VLOOKUP(A5,'Customer Names'!$A:$F,6,0) -> Stephanie A | D5: =VLOOKUP(A5,'Customer Names'!$A:$E,5,0) -> Schaefer | E5: =VLOOKUP(A5,'Cleaned Hospitalisation data'!$A:$K,7,0) -> 32859 | F5: =VLOOKUP(A5,'Cleaned Hospitalisation data'!$A$1:$K$2336,8,0) -> 33 | G5: =VLOOKUP(A5,'Cleaned Hospitalisation data'!$A:$K,2,0) -> 3 | H5: =VLOOKUP(A5,'Cleaned Hospitalisation data'!$A$1:$K$2336,3,0) -> 11250.43 | I5: =VLOOKUP(A5,'Cleaned Hospitalisation data'!$A$1:$K$2336,4,0) -> Tier - 3 | J5: =VLOOKUP(A5,'Cleaned Hospitalisation data'!$A$1:$K$2336,5,0) -> Tier - 2 | K5: =VLOOKUP(A5,'Cleaned Hospitalisation data'!$A$1:$K$2336,6,0) -> R1026 | L5: {=_xlfn.XLOOKUP(A5,$A:$A,'Cleaned Medical Examiation data'!$B:$F)} -> 39.17 | M5: 4.15 | N5: NO | O5: NO | P5: NO | Q5: {=_xlfn.XLOOKUP(A5,$A:$A,'Cleaned Medical Examiation data'!$H:$K)} -> NO | R5: 0 | S5: Obesity | T5: Normal
A6: Id1001 | B6: =VLOOKUP(A6,'Customer Names'!$A:$G,7,0) -> Mr | C6: =VLOOKUP(A6,'Customer Names'!$A:$F,6,0) -> Patrick | D6: =VLOOKUP(A6,'Customer Names'!$A:$E,5,0) -> D'Alessandro | E6: =VLOOKUP(A6,'Cleaned Hospitalisation data'!$A:$K,7,0) -> 25567 | F6: =VLOOKUP(A6,'Cleaned Hospitalisation data'!$A$1:$K$2336,8,0) -> 53 | G6: =VLOOKUP(A6,'Cleaned Hospitalisation data'!$A:$K,2,0) -> 2 | H6: =VLOOKUP(A6,'Cleaned Hospitalisation data'!$A$1:$K$2336,3,0) -> 11244.38 | I6: =VLOOKUP(A6,'Cleaned Hospitalisation data'!$A$1:$K$2336,4,0) -> Tier - 3 | J6: =VLOOKUP(A6,'Cleaned Hospitalisation data'!$A$1:$K$2336,5,0) -> Tier - 1 | K6: =VLOOKUP(A6,'Cleaned Hospitalisation data'!$A$1:$K$2336,6,0) -> R1016 | L6: {=_xlfn.XLOOKUP(A6,$A:$A,'Cleaned Medical Examiation data'!$B:$F)} -> 26.41 | M6: 5.99 | N6: YES | O6: NO | P6: YES | Q6: {=_xlfn.XLOOKUP(A6,$A:$A,'Cleaned Medical Examiation data'!$H:$K)} -> NO | R6: 1 | S6: Over Weight | T6: Prediabetes
A7: Id1002 | B7: =VLOOKUP(A7,'Customer Names'!$A:$G,7,0) -> Mrs | C7: =VLOOKUP(A7,'Customer Names'!$A:$F,6,0) -> Krista | D7: =VLOOKUP(A7,'Customer Names'!$A:$E,5,0) -> Wyss | E7: =VLOOKUP(A7,'Cleaned Hospitalisation data'!$A:$K,7,0) -> 27939 | F7: =VLOOKUP(A7,'Cleaned Hospitalisation data'!$A$1:$K$2336,8,0) -> 46 | G7: =VLOOKUP(A7,'Cleaned Hospitalisation data'!$A:$K,2,0) -> 2 | H7: =VLOOKUP(A7,'Cleaned Hospitalisation data'!$A$1:$K$2336,3,0) -> 11217.35 | I7: =VLOOKUP(A7,'Cleaned Hospitalisation data'!$A$1:$K$2336,4,0) -> Tier - 3 | J7: =VLOOKUP(A7,'Cleaned Hospitalisation data'!$A$1:$K$2336,5,0) -> Tier - 2 | K7: =VLOOKUP(A7,'Cleaned Hospitalisation data'!$A$1:$K$2336,6,0) -> R1025 | L7: {=_xlfn.XLOOKUP(A7,$A:$A,'Cleaned Medical Examiation data'!$B:$F)} -> 30.63 | M7: 5.8 | N7: YES | O7: NO | P7: NO | Q7: {=_xlfn.XLOOKUP(A7,$A:$A,'Cleaned Medical Examiation data'!$H:$K)} -> NO | R7: 0 | S7: Obesity | T7: Prediabetes
A8: Id1003 | B8: =VLOOKUP(A8,'Customer Names'!$A:$G,7,0) -> Ms | C8: =VLOOKUP(A8,'Customer Names'!$A:$F,6,0) -> Jenessa | D8: =VLOOKUP(A8,'Customer Names'!$A:$E,5,0) -> Rose | E8: =VLOOKUP(A8,'Cleaned Hospitalisation data'!$A:$K,7,0) -> 25733 | F8: =VLOOKUP(A8,'Cleaned Hospitalisation data'!$A$1:$K$2336,8,0) -> 52 | G8: =VLOOKUP(A8,'Cleaned Hospitalisation data'!$A:$K,2,0) -> 2 | H8: =VLOOKUP(A8,'Cleaned Hospitalisation data'!$A$1:$K$2336,3,0) -> 11187.66 | I8: =VLOOKUP(A8,'Cleaned Hospitalisation data'!$A$1:$K$2336,4,0) -> Tier - 3 | J8: =VLOOKUP(A8,'Cleaned Hospitalisation data'!$A$1:$K$2336,5,0) -> Tier - 2 | K8: =VLOOKUP(A8,'Cleaned Hospitalisation data'!$A$1:$K$2336,6,0) -> R1012 | L8: {=_xlfn.XLOOKUP(A8,$A:$A,'Cleaned Medical Examiation data'!$B:$F)} -> 31.73 | M8: 7.32 | N8: YES | O8: NO | P8: NO | Q8: {=_xlfn.XLOOKUP(A8,$A:$A,'Cleaned Medical Examiation data'!$H:$K)} -> NO | R8: 2 | S8: Obesity | T8: Diabetes
A9: Id1004 | B9: =VLOOKUP(A9,'Customer Names'!$A:$G,7,0) -> Mr | C9: =VLOOKUP(A9,'Customer Names'!$A:$F,6,0) -> Ryan M | D9: =VLOOKUP(A9,'Customer Names'!$A:$E,5,0) -> Hopper | E9: =VLOOKUP(A9,'Cleaned Hospitalisation data'!$A:$K,7,0) -> 26545 | F9: =VLOOKUP(A9,'Cleaned Hospitalisation data'!$A$1:$K$2336,8,0) -> 50 | G9: =VLOOKUP(A9,'Cleaned Hospitalisation data'!$A:$K,2,0) -> 0 | H9: =VLOOKUP(A9,'Cleaned Hospitalisation data'!$A$1:$K$2336,3,0) -> 11186.2 | I9: =VLOOKUP(A9,'Cleaned Hospitalisation data'!$A$1:$K$2336,4,0) -> Tier - 3 | J9: =VLOOKUP(A9,'Cleaned Hospitalisation data'!$A$1:$K$2336,5,0) -> Tier - 2 | K9: =VLOOKUP(A9,'Cleaned Hospitalisation data'!$A$1:$K$2336,6,0) -> R1021 | L9: {=_xlfn.XLOOKUP(A9,$A:$A,'Cleaned Medical Examiation data'!$B:$F)} -> 30.7 | M9: 5.16 | N9: NO | O9: NO | P9: NO | Q9: {=_xlfn.XLOOKUP(A9,$A:$A,'Cleaned Medical Examiation data'!$H:$K)} -> NO | R9: 2 | S9: Obesity | T9: Normal
A10: Id1005 | B10: =VLOOKUP(A10,'Customer Names'!$A:$G,7,0) -> Mr | C10: =VLOOKUP(A10,'Customer Names'!$A:$F,6,0) -> Thomas | D10: =VLOOKUP(A10,'Customer Names'!$A:$E,5,0) -> Finneran | E10: =VLOOKUP(A10,'Cleaned Hospitalisation data'!$A:$K,7,0) -> 6-Aug-1966 | F10: =VLOOKUP(A10,'Cleaned Hospitalisation data'!$A$1:$K$2336,8,0) -> 56 | G10: =VLOOKUP(A10,'Cleaned Hospitalisation data'!$A:$K,2,0) -> 0 | H10: =VLOOKUP(A10,'Cleaned Hospitalisation data'!$A$1:$K$2336,3,0) -> 11165.42 | I10: =VLOOKUP(A10,'Cleaned Hospitalisation data'!$A$1:$K$2336,4,0) -> Tier - 3 | J10: =VLOOKUP(A10,'Cleaned Hospitalisation data'!$A$1:$K$2336,5,0) -> Tier - 1 | K10: =VLOOKUP(A10,'Cleaned Hospitalisation data'!$A$1:$K$2336,6,0) -> R1016 | L10: {=_xlfn.XLOOKUP(A10,$A:$A,'Cleaned Medical Examiation data'!$B:$F)} -> 25.935 | M10: 5.96 | N10: YES | O10: NO | P10: NO | Q10: {=_xlfn.XLOOKUP(A10,$A:$A,'Cleaned Medical Examiation data'!$H:$K)} -> NO | R10: 2 | S10: Over Weight | T10: Prediabetes
A11: Id1006 | B11: =VLOOKUP(A11,'Customer Names'!$A:$G,7,0) -> Ms | C11: =VLOOKUP(A11,'Customer Names'!$A:$F,6,0) -> Amanda N | D11: =VLOOKUP(A11,'Customer Names'!$A:$E,5,0) -> Basham | E11: =VLOOKUP(A11,'Cleaned Hospitalisation data'!$A:$K,7,0) -> 25379 | F11: =VLOOKUP(A11,'Cleaned Hospitalisation data'!$A$1:$K$2336,8,0) -> 53 | G11: =VLOOKUP(A11,'Cleaned Hospitalisation data'!$A:$K,2,0) -> 2 | H11: =VLOOKUP(A11,'Cleaned Hospitalisation data'!$A$1:$K$2336,3,0) -> 11163.57 | I11: =VLOOKUP(A11,'Cleaned Hospitalisation data'!$A$1:$K$2336,4,0) -> Tier - 3 | J11: =VLOOKUP(A11,'Cleaned Hospitalisation data'!$A$1:$K$2336,5,0) -> Tier - 2 | K11: =VLOOKUP(A11,'Cleaned Hospitalisation data'!$A$1:$K$2336,6,0) -> R1011 | L11: {=_xlfn.XLOOKUP(A11,$A:$A,'Cleaned Medical Examiation data'!$B:$F)} -> 35.9 | M11: 4.85 | N11: YES | O11: NO | P11: YES | Q11: {=_xlfn.XLOOKUP(A11,$A:$A,'Cleaned Medical Examiation data'!$H:$K)} -> NO | R11: 1 | S11: Obesity | T11: Normal
A12: Id1007 | B12: =VLOOKUP(A12,'Customer Names'!$A:$G,7,0) -> Ms | C12: =VLOOKUP(A12,'Customer Names'!$A:$F,6,0) -> Teresa P | D12: =VLOOKUP(A12,'Customer Names'!$A:$E,5,0) -> Inman | E12: =VLOOKUP(A12,'Cleaned Hospitalisation data'!$A:$K,7,0) -> 30-Nov-1969 | F12: =VLOOKUP(A12,'Cleaned Hospitalisation data'!$A$1:$K$2336,8,0) -> 53 | G12: =VLOOKUP(A12,'Cleaned Hospitalisation data'!$A:$K,2,0) -> 2 | H12: =VLOOKUP(A12,'Cleaned Hospitalisation data'!$A$1:$K$2336,3,0) -> 11150.78 | I12: =VLOOKUP(A12,'Cleaned Hospitalisation data'!$A$1:$K$2336,4,0) -> Tier - 3 | J12: =VLOOKUP(A12,'Cleaned Hospitalisation data'!$A$1:$K$2336,5,0) -> Tier - 2 | K12: =VLOOKUP(A12,'Cleaned Hospitalisation data'!$A$1:$K$2336,6,0) -> R1011 | L12: {=_xlfn.XLOOKUP(A12,$A:$A,'Cleaned Medical Examiation data'!$B:$F)} -> 26.7 | M12: 5.09 | N12: YES | O12: NO | P12: YES | Q12: {=_xlfn.XLOOKUP(A12,$A:$A,'Cleaned Medical Examiation data'!$H:$K)} -> NO | R12: 1 | S12: Over Weight | T12: Normal
A13: Id1008 | B13: =VLOOKUP(A13,'Customer Names'!$A:$G,7,0) -> Mr | C13: =VLOOKUP(A13,'Customer Names'!$A:$F,6,0) -> Dorian | D13: =VLOOKUP(A13,'Customer Names'!$A:$E,5,0) -> Oscal | E13: =VLOOKUP(A13,'Cleaned Hospitalisation data'!$A:$K,7,0) -> 20-Aug-1980 | F13: =VLOOKUP(A13,'Cleaned Hospitalisation data'!$A$1:$K$2336,8,0) -> 42 | G13: =VLOOKUP(A13,'Cleaned Hospitalisation data'!$A:$K,2,0) -> 2 | H13: =VLOOKUP(A13,'Cleaned Hospitalisation data'!$A$1:$K$2336,3,0) -> 11103.33 | I13: =VLOOKUP(A13,'Cleaned Hospitalisation data'!$A$1:$K$2336,4,0) -> Tier - 3 | J13: =VLOOKUP(A13,'Cleaned Hospitalisation data'!$A$1:$K$2336,5,0) -> Tier - 1 | K13: =VLOOKUP(A13,'Cleaned Hospitalisation data'!$A$1:$K$2336,6,0) -> R1021 | L13: {=_xlfn.XLOOKUP(A13,$A:$A,'Cleaned Medical Examiation data'!$B:$F)} -> 33.71 | M13: 4.94 | N13: NO | O13: NO | P13: NO | Q13: {=_xlfn.XLOOKUP(A13,$A:$A,'Cleaned Medical Examiation data'!$H:$K)} -> NO | R13: 0 | S13: Obesity | T13: Normal
... A2336: Id999 | B2336: =VLOOKUP(A2336,'Customer Names'!$A:$G,7,0) -> Mr | C2336: =VLOOKUP(A2336,'Customer Names'!$A:$F,6,0) -> Jonathon M | D2336: =VLOOKUP(A2336,'Customer Names'!$A:$E,5,0) -> Campbell | E2336: =VLOOKUP(A2336,'Cleaned Hospitalisation data'!$A:$K,7,0) -> 20-Aug-1969 | F2336: =VLOOKUP(A2336,'Cleaned Hospitalisation data'!$A$1:$K$2336,8,0) -> 53 | G2336: =VLOOKUP(A2336,'Cleaned Hospitalisation data'!$A:$K,2,0) -> 3 | H2336: =VLOOKUP(A2336,'Cleaned Hospitalisation data'!$A$1:$K$2336,3,0) -> 11253.42 | I2336: =VLOOKUP(A2336,'Cleaned Hospitalisation data'!$A$1:$K$2336,4,0) -> Tier - 3 | J2336: =VLOOKUP(A2336,'Cleaned Hospitalisation data'!$A$1:$K$2336,5,0) -> Tier - 1 | K2336: =VLOOKUP(A2336,'Cleaned Hospitalisation data'!$A$1:$K$2336,6,0) -> R1011 | L2336: {=_xlfn.XLOOKUP(A2336,$A:$A,'Cleaned Medical Examiation data'!$B:$F)} -> 28.6 | M2336: 5.56 | N2336: YES | O2336: NO | P2336: YES | Q2336: {=_xlfn.XLOOKUP(A2336,$A:$A,'Cleaned Medical Examiation data'!$H:$K)} -> NO | R2336: 1 | S2336: Over Weight | T2336: Normal

Sheet Pie Chart
A3: Smoker | B3: Count of Cancer history
A4: NO | B4: 1847
A5: YES | B5: 488
A6: Grand Total | B6: 2335

Sheet Donut Chart
A3: Any Transplants | B3: Count of Number Of Major Surgeries | C3: Average of HBA1C
A4: NO | B4: 2191 | C4: 6.6704427
A5: YES | B5: 144 | C5: 5.1876389

Sheet Bar Chart
A3: Sum of charges | B3: Diabetes Status
A4: Weight Status | B4: Diabetes | C4: Normal | D4: Prediabetes | E4: Grand Total
A5: Normal Weight | B5: 1726354.5 | C5: 1674180.5 | D5: 841586.97 | E5: 4242122
A6: Obesity | B6: 8239739.9 | C6: 8520712.9 | D6: 3583194 | E6: 20343647
A7: Over Weight | B7: 2274769.2 | C7: 2477745.8 | D7: 1039794.9 | E7: 5792309.9
A8: Under Weight | B8: 490046.85 | C8: 566702.46 | D8: 157530.57 | E8: 1214279.9
A9: Grand Total | B9: 12730910 | C9: 13239342 | D9: 5622106.5 | E9: 31592359
A25: Average of charges | B25: Hospital Tier
A26: State ID | B26: Tier - 1 | C26: Tier - 2 | D26: Tier - 3 | E26: Grand Total
A27: R1011 | B27: 33081.374 | C27: 18997.281 | D27: 9250.3618 | E27: 19466.246
A28: R1012 | B28: 26111.458 | C28: 10334.279 | D28: 10179.942 | E28: 12016.474
A29: R1013 | B29: 31328.102 | C29: 8439.2844 | D29: 6890.7568 | E29: 10514.94
A30: R1014 | B30: 13891.86 | C30: 2395.17 | D30: 16950.485 | E30: 13478.057
A31: R1015 | B31: 21523.52 | C31: 15675.543 | D31: 7570.755 | E31: 13948.61
A32: R1016 | B32: 39868.616 | C32: 16075.963 | D32: 8133.0084 | E32: 13589.263
A33: R1017 | B33: 34070.596 | C33: 11365.622 | D33: 8667.3662 | E33: 14806.108
A34: R1018 | B34: 33475.82 | C34: 10139.553 | D34: 12570.97 | E34: 13272.787
A35: R1019 | B35: 27621.61 | C35: 8116.72 | D35: 12706.976 | E35: 13633.143
A36: R1020 | C36: 6760.5433 | D36: 11716.453 | E36: 9238.4983
A37: R1021 | C37: 7668.1787 | D37: 11518.786 | E37: 8933.3781
A38: R1022 | C38: 10102.027 | D38: 11637.812 | E38: 10650.521
A39: R1023 | B39: 18261.757 | C39: 13457.095 | D39: 12785.637 | E39: 13786.149
A40: R1024 | B40: 32732.187 | C40: 10174.346 | D40: 13360.979 | E40: 12865.149
A41: R1025 | C41: 6886.0368 | D41: 10510.314 | E41: 8788.7823
A42: R1026 | B42: 18709.798 | C42: 11919.608 | D42: 12296.78 | E42: 12489.921
A43: Unknown | B43: 20996.53 | E43: 20996.53
A44: Grand Total | B44: 30129.199 | C44: 11865.269 | D44: 9462.2693 | E44: 13529.918

Sheet Scattor Plot
A1: CORRELATION BETWEEN AGE AND BOTH BMI AND HBA1C
A3: AGE VS BMI | C3: =CORREL(Healthcare!F:F,Healthcare!L:L) -> 0.051869273 | D3: NO CORRELATION
A5: AGE VS HBA1C | C5: =CORREL(Healthcare!F:F,Healthcare!M:M) -> 0.46040821 | D5: MODERATE CORRELATION
A17: RELATIONSHIP BETWEEN AGE AND HEALTHCARE CHARGES

Sheet Dashboard
A1: HEALTHCARE ANALYSIS DASHBOARD
